Data,Despesas Orçamentárias,DOTAÇÃO INICIAL (d),DOTAÇÃO ATUALIZADA (e),DESPESAS EMPENHADAS NO BIMESTRE,DESPESAS EMPENHADAS ATÉ O BIMESTRE (f),SALDO (g) =(e-f),DESPESAS LIQUIDADAS NO BIMESTRE,DESPESAS LIQUIDADAS ATÉ O BIMESTRE (h),SALDO (i) = (e-h),DESPESAS PAGASATÉ O BIMESTRE(j),Bimestre,Ano,tempo
dezembro 2016,DESPESAS (EXCETO INTRA-ORÇAMENTÁRIAS) (VIII),"1.456.546.000,00","1.530.347.622,73","166.155.327,53","1.428.948.060,17","101.399.562,56","277.539.061,58","1.390.403.073,25","139.944.549,48","1.378.266.127,54",06,2016,2016-12-20
dezembro 2016,DESPESAS CORRENTES,"1.338.370.220,00","1.409.152.600,81","169.642.936,88","1.354.690.939,79","54.461.661,02","267.683.468,80","1.329.037.784,71","80.114.816,10","1.317.058.356,34",06,2016,2016-12-20
dezembro 2016,PESSOAL E ENCARGOS SOCIAIS,"649.684.300,00","676.362.167,94","147.564.765,28","668.459.748,94","7.902.419,00","148.094.044,13","668.442.537,87","7.919.630,07","661.740.948,05",06,2016,2016-12-20
dezembro 2016,JUROS E ENCARGOS DA DÍVIDA,"200.000,00","763.072,19","-31.927,81","763.072,19","0,00","203.207,61","763.072,19","0,00","763.072,19",06,2016,2016-12-20
dezembro 2016,OUTRAS DESPESAS CORRENTES,"688.485.920,00","732.027.360,68","22.110.099,41","685.468.118,66","46.559.242,02","119.386.217,06","659.832.174,65","72.195.186,03","654.554.336,10",06,2016,2016-12-20
dezembro 2016,DESPESAS DE CAPITAL,"99.518.280,00","105.712.511,92","-3.487.609,35","74.257.120,38","31.455.391,54","9.855.592,78","61.365.288,54","44.347.223,38","61.207.771,20",06,2016,2016-12-20
dezembro 2016,INVESTIMENTOS,"88.905.780,00","86.459.656,80","-5.603.120,39","55.088.513,02","31.371.143,78","6.998.849,99","42.196.681,18","44.262.975,62","42.088.505,09",06,2016,2016-12-20
dezembro 2016,INVERSÕES FINANCEIRAS,,,,,"0,00",,,"0,00",,06,2016,2016-12-20
dezembro 2016,AMORTIZAÇÃO DA DÍVIDA,"10.612.500,00","19.252.855,12","2.115.511,04","19.168.607,36","84.247,76","2.856.742,79","19.168.607,36","84.247,76","19.119.266,11",06,2016,2016-12-20
dezembro 2016,RESERVA DE CONTINGÊNCIA,"18.657.500,00","15.482.510,00",,,"15.482.510,00",,,"15.482.510,00",,06,2016,2016-12-20
dezembro 2016,RESERVA DO RPPS,,,,,"0,00",,,"0,00",,06,2016,2016-12-20
dezembro 2016,DESPESAS (INTRA-ORÇAMENTÁRIAS) (IX),"34.516.500,00","35.360.266,08","7.888.215,36","34.818.086,47","542.179,61","8.136.984,22","34.818.086,47","542.179,61","34.818.086,47",06,2016,2016-12-20
dezembro 2016,SUBTOTAL DAS DESPESAS (X) = (VIII + IX),"1.491.062.500,00","1.565.707.888,81","174.043.542,89","1.463.766.146,64","101.941.742,17","285.676.045,80","1.425.221.159,72","140.486.729,09","1.413.084.214,01",06,2016,2016-12-20
dezembro 2016,AMORTIZAÇÃO DA DÍVIDA/REFINANCIAMENTO (XI),"0,00","0,00","0,00","0,00","0,00","0,00","0,00","0,00","0,00",06,2016,2016-12-20
dezembro 2016,Amortização da Dívida Interna,"0,00","0,00","0,00","0,00","0,00","0,00","0,00","0,00","0,00",06,2016,2016-12-20
dezembro 2016,Dívida Mobiliária,,,,,,,,,,06,2016,2016-12-20
dezembro 2016,Outras Dívidas,,,,,,,,,,06,2016,2016-12-20
dezembro 2016,Amortização da Dívida Externa,"0,00","0,00","0,00","0,00","0,00","0,00","0,00","0,00","0,00",06,2016,2016-12-20
dezembro 2016,Dívida Mobiliária,,,,,,,,,,06,2016,2016-12-20
dezembro 2016,Outras Dívidas,,,,,,,,,,06,2016,2016-12-20
dezembro 2016,SUBTOTAL COM REFINANCIAMENTO (XII) = (X + XI),"1.491.062.500,00","1.565.707.888,81","174.043.542,89","1.463.766.146,64","101.941.742,17","285.676.045,80","1.425.221.159,72","140.486.729,09","1.413.084.214,01",06,2016,2016-12-20
dezembro 2016,SUPERÁVIT (XIII),,,,,,,"11.073.235,83",,,06,2016,2016-12-20
dezembro 2016,TOTAL (XIV) = (XII + XIII),"1.491.062.500,00","1.565.707.888,81","174.043.542,89","1.463.766.146,64",,"285.676.045,80","1.436.294.395,55",,"1.413.084.214,01",06,2016,2016-12-20
outubro 2016,DESPESAS (EXCETO INTRA-ORÇAMENTÁRIAS) (VIII),"1.456.546.000,00","1.519.209.670,05","135.570.928,21","1.262.792.732,64","256.416.937,41","235.285.574,60","1.112.864.011,67","406.345.658,38","208.500.969,32",05,2016,2016-10-20
outubro 2016,DESPESAS CORRENTES,"1.338.370.220,00","1.374.098.244,16","131.535.089,42","1.185.048.002,91","189.050.241,25","221.879.136,48","1.061.354.315,91","312.743.928,25","197.310.992,54",05,2016,2016-10-20
outubro 2016,PESSOAL E ENCARGOS SOCIAIS,"649.684.300,00","649.504.477,67","103.772.381,00","520.894.983,66","128.609.494,01","104.131.973,61","520.348.493,74","129.155.983,93","81.799.177,80",05,2016,2016-10-20
outubro 2016,JUROS E ENCARGOS DA DÍVIDA,"200.000,00","800.000,00","0,00","795.000,00","5.000,00","145.637,85","559.864,58","240.135,42","167.489,28",05,2016,2016-10-20
outubro 2016,OUTRAS DESPESAS CORRENTES,"688.485.920,00","723.793.766,49","27.762.708,42","663.358.019,25","60.435.747,24","117.601.525,02","540.445.957,59","183.347.808,90","115.344.325,46",05,2016,2016-10-20
outubro 2016,DESPESAS DE CAPITAL,"99.518.280,00","126.453.925,89","4.035.838,79","77.744.729,73","48.709.196,16","13.406.438,12","51.509.695,76","74.944.230,13","11.189.976,78",05,2016,2016-10-20
outubro 2016,INVESTIMENTOS,"88.905.780,00","108.467.998,58","2.537.775,09","60.691.633,41","47.776.365,17","10.462.499,44","35.197.831,19","73.270.167,39","9.359.622,68",05,2016,2016-10-20
outubro 2016,INVERSÕES FINANCEIRAS,,,,,,,,,,05,2016,2016-10-20
outubro 2016,AMORTIZAÇÃO DA DÍVIDA,"10.612.500,00","17.985.927,31","1.498.063,70","17.053.096,32","932.830,99","2.943.938,68","16.311.864,57","1.674.062,74","1.830.354,10",05,2016,2016-10-20
outubro 2016,RESERVA DE CONTINGÊNCIA,"18.657.500,00","18.657.500,00",,,"18.657.500,00",,,"18.657.500,00",,05,2016,2016-10-20
outubro 2016,RESERVA DO RPPS,,,,,,,,,,05,2016,2016-10-20
outubro 2016,DESPESAS (INTRA-ORÇAMENTÁRIAS) (IX),"34.516.500,00","32.931.350,00","5.668.299,59","26.929.871,11","6.001.478,89","5.508.669,41","26.681.102,25","6.250.247,75","2.836.090,52",05,2016,2016-10-20
outubro 2016,SUBTOTAL DAS DESPESAS (X) = (VIII + IX),"1.491.062.500,00","1.552.141.020,05","141.239.227,80","1.289.722.603,75","262.418.416,30","240.794.244,01","1.139.545.113,92","412.595.906,13","211.337.059,84",05,2016,2016-10-20
outubro 2016,AMORTIZAÇÃO DA DÍVIDA/REFINANCIAMENTO (XI),"0,00","0,00","0,00","0,00","0,00","0,00","0,00","0,00","0,00",05,2016,2016-10-20
outubro 2016,Amortização da Dívida Interna,"0,00","0,00","0,00","0,00","0,00","0,00","0,00","0,00","0,00",05,2016,2016-10-20
outubro 2016,Dívida Mobiliária,,,,,,,,,,05,2016,2016-10-20
outubro 2016,Outras Dívidas,,,,,,,,,,05,2016,2016-10-20
outubro 2016,Amortização da Dívida Externa,"0,00","0,00","0,00","0,00","0,00","0,00","0,00","0,00","0,00",05,2016,2016-10-20
outubro 2016,Dívida Mobiliária,,,,,,,,,,05,2016,2016-10-20
outubro 2016,Outras Dívidas,,,,,,,,,,05,2016,2016-10-20
outubro 2016,SUBTOTAL COM REFINANCIAMENTO (XII) = (X + XI),"1.491.062.500,00","1.552.141.020,05","141.239.227,80","1.289.722.603,75","262.418.416,30","240.794.244,01","1.139.545.113,92","412.595.906,13","211.337.059,84",05,2016,2016-10-20
outubro 2016,SUPERÁVIT (XIII),,,,,,,,,,05,2016,2016-10-20
outubro 2016,TOTAL (XIV) = (XII + XIII),"1.491.062.500,00","1.552.141.020,05","141.239.227,80","1.289.722.603,75",,"240.794.244,01","1.139.545.113,92",,"211.337.059,84",05,2016,2016-10-20
agosto 2016,DESPESAS (EXCETO INTRA-ORÇAMENTÁRIAS) (VIII),"1.456.546.000,00","1.512.263.908,00","130.302.344,41","1.127.221.804,43","385.042.103,57","230.986.172,21","877.578.437,07","634.685.470,93","868.525.009,41",04,2016,2016-08-20
agosto 2016,DESPESAS CORRENTES,"1.338.370.220,00","1.362.494.687,11","125.716.724,48","1.053.512.913,49","308.981.773,62","219.966.616,17","839.475.179,43","523.019.507,68","830.575.249,82",04,2016,2016-08-20
agosto 2016,PESSOAL E ENCARGOS SOCIAIS,"649.684.300,00","644.972.927,67","102.124.685,73","417.122.602,66","227.850.325,01","102.480.939,90","416.216.520,13","228.756.407,54","412.752.743,70",04,2016,2016-08-20
agosto 2016,JUROS E ENCARGOS DA DÍVIDA,"200.000,00","800.000,00",,"795.000,00","5.000,00","111.129,82","414.226,73","385.773,27","414.226,73",04,2016,2016-08-20
agosto 2016,OUTRAS DESPESAS CORRENTES,"688.485.920,00","716.721.759,44","23.592.038,75","635.595.310,83","81.126.448,61","117.374.546,45","422.844.432,57","293.877.326,87","417.408.279,39",04,2016,2016-08-20
agosto 2016,DESPESAS DE CAPITAL,"99.518.280,00","131.111.720,89","4.585.619,93","73.708.890,94","57.402.829,95","11.019.556,04","38.103.257,64","93.008.463,25","37.949.759,59",04,2016,2016-08-20
agosto 2016,INVESTIMENTOS,"88.905.780,00","112.225.793,58","3.742.822,74","58.153.858,32","54.071.935,26","8.076.647,03","24.735.331,75","87.490.461,83","24.581.833,70",04,2016,2016-08-20
agosto 2016,INVERSÕES FINANCEIRAS,,,,,,,,,,04,2016,2016-08-20
agosto 2016,AMORTIZAÇÃO DA DÍVIDA,"10.612.500,00","18.885.927,31","842.797,19","15.555.032,62","3.330.894,69","2.942.909,01","13.367.925,89","5.518.001,42","13.367.925,89",04,2016,2016-08-20
agosto 2016,RESERVA DE CONTINGÊNCIA,"18.657.500,00","18.657.500,00",,,"18.657.500,00",,,"18.657.500,00",,04,2016,2016-08-20
agosto 2016,RESERVA DO RPPS,,,,,,,,,,04,2016,2016-08-20
agosto 2016,DESPESAS (INTRA-ORÇAMENTÁRIAS) (IX),"34.516.500,00","34.513.800,00","5.326.343,26","21.261.571,52","13.252.228,48","5.479.416,00","21.172.432,84","13.341.367,16","21.172.432,84",04,2016,2016-08-20
agosto 2016,SUBTOTAL DAS DESPESAS (X) = (VIII + IX),"1.491.062.500,00","1.546.777.708,00","135.628.687,67","1.148.483.375,95","398.294.332,05","236.465.588,21","898.750.869,91","648.026.838,09","889.697.442,25",04,2016,2016-08-20
agosto 2016,AMORTIZAÇÃO DA DÍVIDA/REFINANCIAMENTO (XI),"0,00","0,00","0,00","0,00","0,00","0,00","0,00","0,00","0,00",04,2016,2016-08-20
agosto 2016,Amortização da Dívida Interna,"0,00","0,00","0,00","0,00","0,00","0,00","0,00","0,00","0,00",04,2016,2016-08-20
agosto 2016,Dívida Mobiliária,,,,,,,,,,04,2016,2016-08-20
agosto 2016,Outras Dívidas,,,,,,,,,,04,2016,2016-08-20
agosto 2016,Amortização da Dívida Externa,"0,00","0,00","0,00","0,00","0,00","0,00","0,00","0,00","0,00",04,2016,2016-08-20
agosto 2016,Dívida Mobiliária,,,,,,,,,,04,2016,2016-08-20
agosto 2016,Outras Dívidas,,,,,,,,,,04,2016,2016-08-20
agosto 2016,SUBTOTAL COM REFINANCIAMENTO (XII) = (X + XI),"1.491.062.500,00","1.546.777.708,00","135.628.687,67","1.148.483.375,95","398.294.332,05","236.465.588,21","898.750.869,91","648.026.838,09","889.697.442,25",04,2016,2016-08-20
agosto 2016,SUPERÁVIT (XIII),,,,,,,,,,04,2016,2016-08-20
agosto 2016,TOTAL (XIV) = (XII + XIII),"1.491.062.500,00","1.546.777.708,00","135.628.687,67","1.148.483.375,95",,"236.465.588,21","898.750.869,91",,"889.697.442,25",04,2016,2016-08-20
junho 2016,DESPESAS (EXCETO INTRA-ORÇAMENTÁRIAS) (VIII),"1.456.546.000,00","1.512.255.859,12","71.924.611,85","996.919.460,01","515.336.399,11","250.172.807,61","646.592.264,85","865.663.594,27","638.288.805,98",03,2016,2016-06-20
junho 2016,DESPESAS CORRENTES,"1.338.370.220,00","1.361.542.812,23","56.363.000,78","927.796.189,00","433.746.623,23","237.660.582,16","619.508.563,25","742.034.248,98","611.304.986,60",03,2016,2016-06-20
junho 2016,PESSOAL E ENCARGOS SOCIAIS,"649.684.300,00","645.993.637,67","-17.297.794,16","314.997.916,92","330.995.720,75","121.824.325,18","313.735.580,22","332.258.057,45","309.823.248,98",03,2016,2016-06-20
junho 2016,JUROS E ENCARGOS DA DÍVIDA,"200.000,00","800.000,00","0,00","795.000,00","5.000,00","106.181,10","303.096,91","496.903,09","303.096,91",03,2016,2016-06-20
junho 2016,OUTRAS DESPESAS CORRENTES,"688.485.920,00","714.749.174,56","73.660.794,94","612.003.272,08","102.745.902,48","115.730.075,88","305.469.886,12","409.279.288,44","301.178.640,71",03,2016,2016-06-20
junho 2016,DESPESAS DE CAPITAL,"99.518.280,00","132.055.546,89","15.561.611,07","69.123.271,01","62.932.275,88","12.512.225,45","27.083.701,60","104.971.845,29","26.983.819,38",03,2016,2016-06-20
junho 2016,INVESTIMENTOS,"88.905.780,00","113.169.619,58","14.976.851,42","54.411.035,58","58.758.584,00","9.778.792,67","16.658.684,72","96.510.934,86","16.558.802,50",03,2016,2016-06-20
junho 2016,INVERSÕES FINANCEIRAS,,,,,"0,00",,,,,03,2016,2016-06-20
junho 2016,AMORTIZAÇÃO DA DÍVIDA,"10.612.500,00","18.885.927,31","584.759,65","14.712.235,43","4.173.691,88","2.733.432,78","10.425.016,88","8.460.910,43","10.425.016,88",03,2016,2016-06-20
junho 2016,RESERVA DE CONTINGÊNCIA,"18.657.500,00","18.657.500,00",,,"18.657.500,00",,,"18.657.500,00",,03,2016,2016-06-20
junho 2016,RESERVA DO RPPS,,,,,"0,00",,,,,03,2016,2016-06-20
junho 2016,DESPESAS (INTRA-ORÇAMENTÁRIAS) (IX),"34.516.500,00","34.513.800,00","5.277.676,18","15.935.228,26","18.578.571,74","5.427.963,84","15.693.016,84","18.820.783,16","15.693.016,84",03,2016,2016-06-20
junho 2016,SUBTOTAL DAS DESPESAS (X) = (VIII + IX),"1.491.062.500,00","1.546.769.659,12","77.202.288,03","1.012.854.688,27","533.914.970,85","255.600.771,45","662.285.281,69","884.484.377,43","653.981.822,82",03,2016,2016-06-20
junho 2016,AMORTIZAÇÃO DA DÍVIDA/REFINANCIAMENTO (XI),"0,00","0,00","0,00","0,00","0,00","0,00","0,00","0,00","0,00",03,2016,2016-06-20
junho 2016,Amortização da Dívida Interna,"0,00","0,00","0,00","0,00","0,00","0,00","0,00","0,00","0,00",03,2016,2016-06-20
junho 2016,Dívida Mobiliária,,,,,"0,00",,,,,03,2016,2016-06-20
junho 2016,Outras Dívidas,,,,,"0,00",,,,,03,2016,2016-06-20
junho 2016,Amortização da Dívida Externa,"0,00","0,00","0,00","0,00","0,00","0,00","0,00","0,00","0,00",03,2016,2016-06-20
junho 2016,Dívida Mobiliária,,,,,"0,00",,,,,03,2016,2016-06-20
junho 2016,Outras Dívidas,,,,,"0,00",,,,,03,2016,2016-06-20
junho 2016,SUBTOTAL COM REFINANCIAMENTO (XII) = (X + XI),"1.491.062.500,00","1.546.769.659,12","77.202.288,03","1.012.854.688,27","533.914.970,85","255.600.771,45","662.285.281,69","884.484.377,43","653.981.822,82",03,2016,2016-06-20
junho 2016,SUPERÁVIT (XIII),,,,,,,,,,03,2016,2016-06-20
junho 2016,TOTAL (XIV) = (XII + XIII),"1.491.062.500,00","1.546.769.659,12","77.202.288,03","1.012.854.688,27",,"255.600.771,45","662.285.281,69",,"653.981.822,82",03,2016,2016-06-20
abril 2016,DESPESAS (EXCETO INTRA-ORÇAMENTÁRIAS) (VIII),"1.456.546.000,00","1.501.681.211,70","330.825.969,45","924.995.673,36","576.685.538,34","221.105.840,70","396.420.282,44","1.105.260.929,26","382.455.945,56",02,2016,2016-04-20
abril 2016,DESPESAS CORRENTES,"1.338.370.220,00","1.354.614.392,81","313.523.850,49","871.434.013,42","483.180.379,39","210.863.086,38","381.848.806,29","972.765.586,52","375.722.927,63",02,2016,2016-04-20
abril 2016,PESSOAL E ENCARGOS SOCIAIS,"649.684.300,00","648.760.637,67","243.267.737,47","332.295.711,08","316.464.926,59","104.849.462,63","191.911.255,04","456.849.382,63","190.967.308,42",02,2016,2016-04-20
abril 2016,JUROS E ENCARGOS DA DÍVIDA,"200.000,00","800.000,00","665.000,00","795.000,00","5.000,00","105.846,99","196.915,81","603.084,19","196.915,81",02,2016,2016-04-20
abril 2016,OUTRAS DESPESAS CORRENTES,"688.485.920,00","705.053.755,14","69.591.113,02","538.343.302,34","166.710.452,80","105.907.776,76","189.740.635,44","515.313.119,70","184.558.703,40",02,2016,2016-04-20
abril 2016,DESPESAS DE CAPITAL,"99.518.280,00","128.409.318,89","17.302.118,96","53.561.659,94","74.847.658,95","10.242.754,32","14.571.476,15","113.837.842,74","6.733.017,93",02,2016,2016-04-20
abril 2016,INVESTIMENTOS,"88.905.780,00","109.523.391,58","9.875.115,30","39.434.184,16","70.089.207,42","5.240.370,03","6.879.892,05","102.643.499,53","6.733.017,93",02,2016,2016-04-20
abril 2016,INVERSÕES FINANCEIRAS,,,,,"0,00",,,,,02,2016,2016-04-20
abril 2016,AMORTIZAÇÃO DA DÍVIDA,"10.612.500,00","18.885.927,31","7.427.003,66","14.127.475,78","4.758.451,53","5.002.384,29","7.691.584,10","11.194.343,21",,02,2016,2016-04-20
abril 2016,RESERVA DE CONTINGÊNCIA,"18.657.500,00","18.657.500,00",,,"18.657.500,00",,,"18.657.500,00",,02,2016,2016-04-20
abril 2016,RESERVA DO RPPS,,,,,,,,,,02,2016,2016-04-20
abril 2016,DESPESAS (INTRA-ORÇAMENTÁRIAS) (IX),"34.516.500,00","34.515.600,00","5.440.279,76","10.657.552,08","23.858.047,92","5.592.364,78","10.265.053,00","24.250.547,00","10.265.053,00",02,2016,2016-04-20
abril 2016,SUBTOTAL DAS DESPESAS (X) = (VIII + IX),"1.491.062.500,00","1.536.196.811,70","336.266.249,21","935.653.225,44","600.543.586,26","226.698.205,48","406.685.335,44","1.129.511.476,26","392.720.998,56",02,2016,2016-04-20
abril 2016,AMORTIZAÇÃO DA DÍVIDA/REFINANCIAMENTO (XI),"0,00","0,00","0,00","0,00","0,00","0,00","0,00","0,00","0,00",02,2016,2016-04-20
abril 2016,Amortização da Dívida Interna,"0,00","0,00","0,00","0,00","0,00","0,00","0,00","0,00","0,00",02,2016,2016-04-20
abril 2016,Dívida Mobiliária,,,,,"0,00",,,,,02,2016,2016-04-20
abril 2016,Outras Dívidas,,,,,"0,00",,,,,02,2016,2016-04-20
abril 2016,Amortização da Dívida Externa,"0,00","0,00","0,00","0,00","0,00","0,00","0,00","0,00","0,00",02,2016,2016-04-20
abril 2016,Dívida Mobiliária,,,,,"0,00",,,,,02,2016,2016-04-20
abril 2016,Outras Dívidas,,,,,"0,00",,,,,02,2016,2016-04-20
abril 2016,SUBTOTAL COM REFINANCIAMENTO (XII) = (X + XI),"1.491.062.500,00","1.536.196.811,70","336.266.249,21","935.653.225,44","600.543.586,26","226.698.205,48","406.685.335,44","1.129.511.476,26","392.720.998,56",02,2016,2016-04-20
abril 2016,SUPERÁVIT (XIII),,,,,,,"85.044.475,16",,,02,2016,2016-04-20
abril 2016,TOTAL (XIV) = (XII + XIII),"1.491.062.500,00","1.536.196.811,70","336.266.249,21","935.653.225,44",,"226.698.205,48","491.729.810,60",,"392.720.998,56",02,2016,2016-04-20
fevereiro 2016,DESPESAS (EXCETO INTRA-ORÇAMENTÁRIAS) (VIII),"1.456.546.000,00","1.488.873.227,65","601.475.616,21","601.475.574,97","887.397.652,68","179.858.915,00","179.858.915,00","1.309.014.312,65","170.482.510,56",01,2016,2016-02-20
fevereiro 2016,DESPESAS CORRENTES,"1.338.370.220,00","1.352.192.044,65","564.855.503,25","564.855.462,01","787.336.582,64","175.520.948,17","175.520.948,17","1.176.671.096,48","166.418.142,69",01,2016,2016-02-20
fevereiro 2016,PESSOAL E ENCARGOS SOCIAIS,"649.684.300,00","649.078.637,67","92.514.664,39","92.514.623,15","556.564.014,52","90.548.483,19","90.548.483,19","558.530.154,48","89.972.864,60",01,2016,2016-02-20
fevereiro 2016,JUROS E ENCARGOS DA DÍVIDA,"200.000,00","200.000,00","130.000,00","130.000,00","70.000,00","91.068,82","91.068,82","108.931,18","91.068,82",01,2016,2016-02-20
fevereiro 2016,OUTRAS DESPESAS CORRENTES,"688.485.920,00","702.913.406,98","472.210.838,86","472.210.838,86","230.702.568,12","84.881.396,16","84.881.396,16","618.032.010,82","76.354.209,27",01,2016,2016-02-20
fevereiro 2016,DESPESAS DE CAPITAL,"99.518.280,00","118.023.683,00","36.620.112,96","36.620.112,96","81.403.570,04","4.337.966,83","4.337.966,83","113.685.716,17","4.064.367,87",01,2016,2016-02-20
fevereiro 2016,INVESTIMENTOS,"88.905.780,00","104.761.755,69","29.919.640,84","29.919.640,84","74.842.114,85","1.648.767,02","1.648.767,02","103.112.988,67","1.435.550,62",01,2016,2016-02-20
fevereiro 2016,INVERSÕES FINANCEIRAS,,,,,"0,00",,,"0,00",,01,2016,2016-02-20
fevereiro 2016,AMORTIZAÇÃO DA DÍVIDA,"10.612.500,00","13.261.927,31","6.700.472,12","6.700.472,12","6.561.455,19","2.689.199,81","2.689.199,81","10.572.727,50","2.628.817,25",01,2016,2016-02-20
fevereiro 2016,RESERVA DE CONTINGÊNCIA,"18.657.500,00","18.657.500,00",,,"18.657.500,00",,,"18.657.500,00",,01,2016,2016-02-20
fevereiro 2016,RESERVA DO RPPS,,,,,"0,00",,,"0,00",,01,2016,2016-02-20
fevereiro 2016,DESPESAS (INTRA-ORÇAMENTÁRIAS) (IX),"34.516.500,00","34.515.600,00","5.217.272,32","5.217.272,32","29.298.327,68","4.672.688,22","4.672.688,22","29.842.911,78","4.672.688,22",01,2016,2016-02-20
fevereiro 2016,SUBTOTAL DAS DESPESAS (X) = (VIII + IX),"1.491.062.500,00","1.523.388.827,65","606.692.888,53","606.692.847,29","916.695.980,36","184.531.603,22","184.531.603,22","1.338.857.224,43","175.155.198,78",01,2016,2016-02-20
fevereiro 2016,AMORTIZAÇÃO DA DÍVIDA/REFINANCIAMENTO (XI),"0,00","0,00","0,00","0,00","0,00","0,00","0,00","0,00","0,00",01,2016,2016-02-20
fevereiro 2016,Amortização da Dívida Interna,"0,00","0,00","0,00","0,00","0,00","0,00","0,00","0,00","0,00",01,2016,2016-02-20
fevereiro 2016,Dívida Mobiliária,,,,,"0,00",,,"0,00",,01,2016,2016-02-20
fevereiro 2016,Outras Dívidas,,,,,"0,00",,,"0,00",,01,2016,2016-02-20
fevereiro 2016,Amortização da Dívida Externa,"0,00","0,00","0,00","0,00","0,00","0,00","0,00","0,00","0,00",01,2016,2016-02-20
fevereiro 2016,Dívida Mobiliária,,,,,"0,00",,,"0,00",,01,2016,2016-02-20
fevereiro 2016,Outras Dívidas,,,,,"0,00",,,"0,00",,01,2016,2016-02-20
fevereiro 2016,SUBTOTAL COM REFINANCIAMENTO (XII) = (X + XI),"1.491.062.500,00","1.523.388.827,65","606.692.888,53","606.692.847,29","916.695.980,36","184.531.603,22","184.531.603,22","1.338.857.224,43","175.155.198,78",01,2016,2016-02-20
fevereiro 2016,SUPERÁVIT (XIII),,,,,,,"39.386.009,43",,,01,2016,2016-02-20
fevereiro 2016,TOTAL (XIV) = (XII + XIII),"1.491.062.500,00","1.523.388.827,65","606.692.888,53","606.692.847,29",,"184.531.603,22","223.917.612,65",,"175.155.198,78",01,2016,2016-02-20
dezembro 2017,DESPESAS (EXCETO INTRA-ORÇAMENTÁRIAS) (VIII),"1.554.715.479,00","1.609.117.939,94","175.694.114,21","1.493.344.365,39","115.773.574,55","286.342.561,33","1.430.436.181,88","178.681.758,06","1.498.177.935,87",06,2017,2017-12-20
dezembro 2017,DESPESAS CORRENTES,"1.431.903.610,00","1.478.318.008,62","166.698.190,00","1.417.711.798,63","60.606.209,99","274.974.196,64","1.381.128.113,24","97.189.895,38","1.441.041.529,08",06,2017,2017-12-20
dezembro 2017,PESSOAL E ENCARGOS SOCIAIS,"683.027.450,00","706.692.239,43","147.862.531,28","696.701.986,17","9.990.253,26","146.420.171,92","695.020.407,72","11.671.831,71","732.151.922,25",06,2017,2017-12-20
dezembro 2017,JUROS E ENCARGOS DA DÍVIDA,"1.000.000,00","2.395.000,00","327.109,98","2.372.109,98","22.890,02","561.801,28","2.372.109,98","22.890,02","2.372.109,98",06,2017,2017-12-20
dezembro 2017,OUTRAS DESPESAS CORRENTES,"747.876.160,00","769.230.769,19","18.508.548,74","718.637.702,48","50.593.066,71","127.992.223,44","683.735.595,54","85.495.173,65","706.517.496,85",06,2017,2017-12-20
dezembro 2017,DESPESAS DE CAPITAL,"95.553.869,00","105.153.335,32","8.995.924,21","75.632.566,76","29.520.768,56","11.368.364,69","49.308.068,64","55.845.266,68","57.136.406,79",06,2017,2017-12-20
dezembro 2017,INVESTIMENTOS,"75.869.869,00","87.272.735,32","8.311.108,72","59.657.385,11","27.615.350,21","9.034.184,43","33.332.886,99","53.939.848,33","41.111.883,89",06,2017,2017-12-20
dezembro 2017,INVERSÕES FINANCEIRAS,,,,,,,,,,06,2017,2017-12-20
dezembro 2017,AMORTIZAÇÃO DA DÍVIDA,"19.684.000,00","17.880.600,00","684.815,49","15.975.181,65","1.905.418,35","2.334.180,26","15.975.181,65","1.905.418,35","16.024.522,90",06,2017,2017-12-20
dezembro 2017,RESERVA DE CONTINGÊNCIA,"27.258.000,00","25.646.596,00",,,"25.646.596,00",,,"25.646.596,00",,06,2017,2017-12-20
dezembro 2017,DESPESAS (INTRA-ORÇAMENTÁRIAS) (IX),"38.658.300,00","41.400.500,00","8.060.623,67","35.833.241,48","5.567.258,52","8.268.988,91","35.833.241,48","5.567.258,52","35.833.233,64",06,2017,2017-12-20
dezembro 2017,SUBTOTAL DAS DESPESAS (X) = (VIII + IX),"1.593.373.779,00","1.650.518.439,94","183.754.737,88","1.529.177.606,87","121.340.833,07","294.611.550,24","1.466.269.423,36","184.249.016,58","1.534.011.169,51",06,2017,2017-12-20
dezembro 2017,AMORTIZAÇÃO DA DÍVIDA/REFINANCIAMENTO (XI),"0,00","0,00","0,00","0,00","0,00","0,00","0,00","0,00","0,00",06,2017,2017-12-20
dezembro 2017,Amortização da Dívida Interna,"0,00","0,00","0,00","0,00","0,00","0,00","0,00","0,00","0,00",06,2017,2017-12-20
dezembro 2017,Dívida Mobiliária,,,,,,,,,,06,2017,2017-12-20
dezembro 2017,Outras Dívidas,,,,,,,,,,06,2017,2017-12-20
dezembro 2017,Amortização da Dívida Externa,"0,00","0,00","0,00","0,00","0,00","0,00","0,00","0,00","0,00",06,2017,2017-12-20
dezembro 2017,Dívida Mobiliária,,,,,,,,,,06,2017,2017-12-20
dezembro 2017,Outras Dívidas,,,,,,,,,,06,2017,2017-12-20
dezembro 2017,SUBTOTAL COM REFINANCIAMENTO (XII) = (X + XI),"1.593.373.779,00","1.650.518.439,94","183.754.737,88","1.529.177.606,87","121.340.833,07","294.611.550,24","1.466.269.423,36","184.249.016,58","1.534.011.169,51",06,2017,2017-12-20
dezembro 2017,SUPERÁVIT (XIII),,,,"15.481.553,78",,,,,,06,2017,2017-12-20
dezembro 2017,TOTAL (XIV) = (XII + XIII),"1.593.373.779,00","1.650.518.439,94","183.754.737,88","1.544.659.160,65",,"294.611.550,24","1.466.269.423,36",,"1.534.011.169,51",06,2017,2017-12-20
dezembro 2017,RESERVA DO RPPS,,,,,,,,,,06,2017,2017-12-20
outubro 2017,DESPESAS (EXCETO INTRA-ORÇAMENTÁRIAS) (VIII),"1.554.715.479,00","1.593.665.289,28","154.230.668,58","1.172.928.759,00","420.736.530,28","232.073.535,15","916.025.652,38","677.639.636,90","902.632.078,00",05,2017,2017-10-20
outubro 2017,DESPESAS CORRENTES,"1.431.903.610,00","1.453.918.534,63","139.215.258,29","1.111.996.390,76","341.922.143,87","222.481.878,12","887.959.527,46","565.959.007,17","874.928.351,38",05,2017,2017-10-20
outubro 2017,PESSOAL E ENCARGOS SOCIAIS,"683.027.450,00","700.296.409,15","105.123.459,98","439.912.703,00","260.383.706,15","105.164.840,79","439.830.002,29","260.466.406,86","436.309.795,32",05,2017,2017-10-20
outubro 2017,JUROS E ENCARGOS DA DÍVIDA,"1.000.000,00","1.580.000,00","580.000,00","1.580.000,00","0,00","398.606,27","1.203.393,83","376.606,17","1.203.393,83",05,2017,2017-10-20
outubro 2017,OUTRAS DESPESAS CORRENTES,"747.876.160,00","752.042.125,48","33.511.798,31","670.503.687,76","81.538.437,72","116.918.431,06","446.926.131,34","305.115.994,14","437.415.162,23",05,2017,2017-10-20
outubro 2017,DESPESAS DE CAPITAL,"95.553.869,00","112.488.754,65","15.015.410,29","60.932.368,24","51.556.386,41","9.591.657,03","28.066.124,92","84.422.629,73","27.703.726,62",05,2017,2017-10-20
outubro 2017,INVESTIMENTOS,"75.869.869,00","94.736.154,65","11.666.975,04","47.046.980,71","47.689.173,94","6.972.104,40","16.738.771,63","77.997.383,02","16.376.373,33",05,2017,2017-10-20
outubro 2017,INVERSÕES FINANCEIRAS,,,,,,,,,,05,2017,2017-10-20
outubro 2017,AMORTIZAÇÃO DA DÍVIDA,"19.684.000,00","17.752.600,00","3.348.435,25","13.885.387,53","3.867.212,47","2.619.552,63","11.327.353,29","6.425.246,71","11.327.353,29",05,2017,2017-10-20
outubro 2017,RESERVA DE CONTINGÊNCIA,"27.258.000,00","27.258.000,00",,,"27.258.000,00",,,"27.258.000,00",,05,2017,2017-10-20
outubro 2017,DESPESAS (INTRA-ORÇAMENTÁRIAS) (IX),"38.658.300,00","38.636.500,00","5.331.407,67","22.366.500,03","16.269.999,97","5.492.671,49","21.973.547,85","16.662.952,15","21.973.547,85",05,2017,2017-10-20
outubro 2017,SUBTOTAL DAS DESPESAS (X) = (VIII + IX),"1.593.373.779,00","1.632.301.789,28","159.562.076,25","1.195.295.259,03","437.006.530,25","237.566.206,64","937.999.200,23","694.302.589,05","924.605.625,85",05,2017,2017-10-20
outubro 2017,AMORTIZAÇÃO DA DÍVIDA/REFINANCIAMENTO (XI),"0,00","0,00","0,00","0,00","0,00","0,00","0,00","0,00",,05,2017,2017-10-20
outubro 2017,Amortização da Dívida Interna,"0,00","0,00","0,00","0,00","0,00","0,00","0,00","0,00",,05,2017,2017-10-20
outubro 2017,Dívida Mobiliária,,,,,,,,,,05,2017,2017-10-20
outubro 2017,Outras Dívidas,,,,,,,,,,05,2017,2017-10-20
outubro 2017,Amortização da Dívida Externa,"0,00","0,00","0,00","0,00","0,00","0,00","0,00","0,00","0,00",05,2017,2017-10-20
outubro 2017,Dívida Mobiliária,,,,,,,,,,05,2017,2017-10-20
outubro 2017,Outras Dívidas,,,,,,,,,,05,2017,2017-10-20
outubro 2017,SUBTOTAL COM REFINANCIAMENTO (XII) = (X + XI),"1.593.373.779,00","1.632.301.789,28","159.562.076,25","1.195.295.259,03","437.006.530,25","237.566.206,64","937.999.200,23","694.302.589,05","924.605.625,85",05,2017,2017-10-20
outubro 2017,SUPERÁVIT (XIII),,,,,,,"93.135.003,49",,,05,2017,2017-10-20
outubro 2017,TOTAL (XIV) = (XII + XIII),"1.593.373.779,00","1.632.301.789,28","159.562.076,25","1.195.295.259,03",,"237.566.206,64","1.031.134.203,72",,"924.605.625,85",05,2017,2017-10-20
outubro 2017,RESERVA DO RPPS,,,,,,,,,,05,2017,2017-10-20
agosto 2017,DESPESAS (EXCETO INTRA-ORÇAMENTÁRIAS) (VIII),"1.554.715.479,00","1.593.665.289,28","154.230.668,58","1.172.928.759,00","420.736.530,28","232.073.535,15","916.025.652,38","677.639.636,90","902.632.078,00",04,2017,2017-08-20
agosto 2017,DESPESAS CORRENTES,"1.431.903.610,00","1.453.918.534,63","139.215.258,29","1.111.996.390,76","341.922.143,87","222.481.878,12","887.959.527,46","565.959.007,17","874.928.351,38",04,2017,2017-08-20
agosto 2017,PESSOAL E ENCARGOS SOCIAIS,"683.027.450,00","700.296.409,15","105.123.459,98","439.912.703,00","260.383.706,15","105.164.840,79","439.830.002,29","260.466.406,86","436.309.795,32",04,2017,2017-08-20
agosto 2017,JUROS E ENCARGOS DA DÍVIDA,"1.000.000,00","1.580.000,00","580.000,00","1.580.000,00","0,00","398.606,27","1.203.393,83","376.606,17","1.203.393,83",04,2017,2017-08-20
agosto 2017,OUTRAS DESPESAS CORRENTES,"747.876.160,00","752.042.125,48","33.511.798,31","670.503.687,76","81.538.437,72","116.918.431,06","446.926.131,34","305.115.994,14","437.415.162,23",04,2017,2017-08-20
agosto 2017,DESPESAS DE CAPITAL,"95.553.869,00","112.488.754,65","15.015.410,29","60.932.368,24","51.556.386,41","9.591.657,03","28.066.124,92","84.422.629,73","27.703.726,62",04,2017,2017-08-20
agosto 2017,INVESTIMENTOS,"75.869.869,00","94.736.154,65","11.666.975,04","47.046.980,71","47.689.173,94","6.972.104,40","16.738.771,63","77.997.383,02","16.376.373,33",04,2017,2017-08-20
agosto 2017,INVERSÕES FINANCEIRAS,,,,,,,,,,04,2017,2017-08-20
agosto 2017,AMORTIZAÇÃO DA DÍVIDA,"19.684.000,00","17.752.600,00","3.348.435,25","13.885.387,53","3.867.212,47","2.619.552,63","11.327.353,29","6.425.246,71","11.327.353,29",04,2017,2017-08-20
agosto 2017,RESERVA DE CONTINGÊNCIA,"27.258.000,00","27.258.000,00",,,"27.258.000,00",,,"27.258.000,00",,04,2017,2017-08-20
agosto 2017,DESPESAS (INTRA-ORÇAMENTÁRIAS) (IX),"38.658.300,00","38.636.500,00","5.331.407,67","22.366.500,03","16.269.999,97","5.492.671,49","21.973.547,85","16.662.952,15","21.973.547,85",04,2017,2017-08-20
agosto 2017,SUBTOTAL DAS DESPESAS (X) = (VIII + IX),"1.593.373.779,00","1.632.301.789,28","159.562.076,25","1.195.295.259,03","437.006.530,25","237.566.206,64","937.999.200,23","694.302.589,05","924.605.625,85",04,2017,2017-08-20
agosto 2017,AMORTIZAÇÃO DA DÍVIDA/REFINANCIAMENTO (XI),"0,00","0,00","0,00","0,00","0,00","0,00","0,00","0,00",,04,2017,2017-08-20
agosto 2017,Amortização da Dívida Interna,"0,00","0,00","0,00","0,00","0,00","0,00","0,00","0,00",,04,2017,2017-08-20
agosto 2017,Dívida Mobiliária,,,,,,,,,,04,2017,2017-08-20
agosto 2017,Outras Dívidas,,,,,,,,,,04,2017,2017-08-20
agosto 2017,Amortização da Dívida Externa,"0,00","0,00","0,00","0,00","0,00","0,00","0,00","0,00","0,00",04,2017,2017-08-20
agosto 2017,Dívida Mobiliária,,,,,,,,,,04,2017,2017-08-20
agosto 2017,Outras Dívidas,,,,,,,,,,04,2017,2017-08-20
agosto 2017,SUBTOTAL COM REFINANCIAMENTO (XII) = (X + XI),"1.593.373.779,00","1.632.301.789,28","159.562.076,25","1.195.295.259,03","437.006.530,25","237.566.206,64","937.999.200,23","694.302.589,05","924.605.625,85",04,2017,2017-08-20
agosto 2017,SUPERÁVIT (XIII),,,,,,,"93.135.003,49",,,04,2017,2017-08-20
agosto 2017,TOTAL (XIV) = (XII + XIII),"1.593.373.779,00","1.632.301.789,28","159.562.076,25","1.195.295.259,03",,"237.566.206,64","1.031.134.203,72",,"924.605.625,85",04,2017,2017-08-20
agosto 2017,RESERVA DO RPPS,,,,,,,,,,04,2017,2017-08-20
junho 2017,DESPESAS (EXCETO INTRA-ORÇAMENTÁRIAS) (VIII),"1.554.715.479,00","1.582.081.795,57","173.342.660,63","1.018.698.090,42","563.383.705,15","262.024.581,40","683.952.117,23","898.129.678,34","671.184.508,34",03,2017,2017-06-20
junho 2017,DESPESAS CORRENTES,"1.431.903.610,00","1.445.044.396,74","168.125.925,22","972.781.132,47","472.263.264,27","254.583.319,58","665.477.649,34","779.566.747,40","653.024.144,93",03,2017,2017-06-20
junho 2017,PESSOAL E ENCARGOS SOCIAIS,"683.027.450,00","700.089.952,10","128.420.013,80","334.789.243,02","365.300.709,08","128.365.689,68","334.665.161,50","365.424.790,60","329.780.790,61",03,2017,2017-06-20
junho 2017,JUROS E ENCARGOS DA DÍVIDA,"1.000.000,00","1.000.000,00",,"1.000.000,00","0,00","292.080,51","804.787,56","195.212,44","804.787,56",03,2017,2017-06-20
junho 2017,OUTRAS DESPESAS CORRENTES,"747.876.160,00","743.954.444,64","39.705.911,42","636.991.889,45","106.962.555,19","125.925.549,39","330.007.700,28","413.946.744,36","322.438.566,76",03,2017,2017-06-20
junho 2017,DESPESAS DE CAPITAL,"95.553.869,00","109.779.398,83","5.216.735,41","45.916.957,95","63.862.440,88","7.441.261,82","18.474.467,89","91.304.930,94","18.160.363,41",03,2017,2017-06-20
junho 2017,INVESTIMENTOS,"75.869.869,00","91.446.798,83","4.139.596,29","35.380.005,67","56.066.793,16","5.067.647,43","9.766.667,23","81.680.131,60","9.452.562,75",03,2017,2017-06-20
junho 2017,INVERSÕES FINANCEIRAS,,,,,"0,00",,,"0,00",,03,2017,2017-06-20
junho 2017,AMORTIZAÇÃO DA DÍVIDA,"19.684.000,00","18.332.600,00","1.077.139,12","10.536.952,28","7.795.647,72","2.373.614,39","8.707.800,66","9.624.799,34","8.707.800,66",03,2017,2017-06-20
junho 2017,RESERVA DE CONTINGÊNCIA,"27.258.000,00","27.258.000,00",,,"27.258.000,00",,,"27.258.000,00",,03,2017,2017-06-20
junho 2017,DESPESAS (INTRA-ORÇAMENTÁRIAS) (IX),"38.658.300,00","38.657.400,00","5.394.840,58","17.035.092,36","21.622.307,64","5.551.634,36","16.480.876,36","22.176.523,64","16.480.876,36",03,2017,2017-06-20
junho 2017,SUBTOTAL DAS DESPESAS (X) = (VIII + IX),"1.593.373.779,00","1.620.739.195,57","178.737.501,21","1.035.733.182,78","585.006.012,79","267.576.215,76","700.432.993,59","920.306.201,98","687.665.384,70",03,2017,2017-06-20
junho 2017,AMORTIZAÇÃO DA DÍVIDA/REFINANCIAMENTO (XI),,,,,,,,,,03,2017,2017-06-20
junho 2017,Amortização da Dívida Interna,,,,,,,,,,03,2017,2017-06-20
junho 2017,Dívida Mobiliária,,,,,,,,,,03,2017,2017-06-20
junho 2017,Outras Dívidas,,,,,,,,,,03,2017,2017-06-20
junho 2017,Amortização da Dívida Externa,"0,00","0,00","0,00","0,00","0,00","0,00","0,00","0,00","0,00",03,2017,2017-06-20
junho 2017,Dívida Mobiliária,,,,,,,,,,03,2017,2017-06-20
junho 2017,Outras Dívidas,,,,,,,,,,03,2017,2017-06-20
junho 2017,SUBTOTAL COM REFINANCIAMENTO (XII) = (X + XI),"1.593.373.779,00","1.620.739.195,57","178.737.501,21","1.035.733.182,78","585.006.012,79","267.576.215,76","700.432.993,59","920.306.201,98","687.665.384,70",03,2017,2017-06-20
junho 2017,SUPERÁVIT (XIII),,,,,,,"86.817.346,29",,,03,2017,2017-06-20
junho 2017,TOTAL (XIV) = (XII + XIII),"1.593.373.779,00","1.620.739.195,57","178.737.501,21","1.035.733.182,78",,"267.576.215,76","787.250.339,88",,"687.665.384,70",03,2017,2017-06-20
junho 2017,RESERVA DO RPPS,,,,,,,,,,03,2017,2017-06-20
abril 2017,DESPESAS (EXCETO INTRA-ORÇAMENTÁRIAS) (VIII),"1.554.715.479,00","1.567.571.708,45","237.444.256,37","845.355.429,79","722.216.278,66","235.986.565,75","421.927.535,83","1.145.644.172,62","412.220.702,03",02,2017,2017-04-20
abril 2017,DESPESAS CORRENTES,"1.431.903.610,00","1.441.754.381,90","231.908.789,22","804.655.207,25","637.099.174,65","229.860.973,09","410.894.329,76","1.030.860.052,14","401.722.418,21",02,2017,2017-04-20
abril 2017,PESSOAL E ENCARGOS SOCIAIS,"683.027.450,00","700.355.409,15","104.270.987,90","206.369.229,22","493.986.179,93","104.266.573,60","206.299.471,82","494.055.937,33","202.675.875,35",02,2017,2017-04-20
abril 2017,JUROS E ENCARGOS DA DÍVIDA,"1.000.000,00","1.000.000,00",,"1.000.000,00","0,00","280.088,86","512.707,05","487.292,95","512.707,05",02,2017,2017-04-20
abril 2017,OUTRAS DESPESAS CORRENTES,"747.876.160,00","740.398.972,75","127.637.801,32","597.285.978,03","143.112.994,72","125.314.310,63","204.082.150,89","536.316.821,86","198.533.835,81",02,2017,2017-04-20
abril 2017,DESPESAS DE CAPITAL,"95.553.869,00","98.559.326,55","5.535.467,15","40.700.222,54","57.859.104,01","6.125.592,66","11.033.206,07","87.526.120,48","10.498.283,82",02,2017,2017-04-20
abril 2017,INVESTIMENTOS,"75.869.869,00","79.975.326,55","4.463.322,81","31.240.409,38","48.734.917,17","3.574.981,07","4.699.019,80","75.276.306,75","4.515.619,36",02,2017,2017-04-20
abril 2017,INVERSÕES FINANCEIRAS,,,,,,,,,,02,2017,2017-04-20
abril 2017,AMORTIZAÇÃO DA DÍVIDA,"19.684.000,00","18.584.000,00","1.072.144,34","9.459.813,16","9.124.186,84","2.550.611,59","6.334.186,27","12.249.813,73","5.982.664,46",02,2017,2017-04-20
abril 2017,RESERVA DE CONTINGÊNCIA,"27.258.000,00","27.258.000,00",,,"27.258.000,00",,,"27.258.000,00",,02,2017,2017-04-20
abril 2017,DESPESAS (INTRA-ORÇAMENTÁRIAS) (IX),"38.658.300,00","38.657.400,00","5.349.897,51","11.640.251,78","27.017.148,22","5.501.076,59","10.929.242,00","27.728.158,00","10.929.242,00",02,2017,2017-04-20
abril 2017,SUBTOTAL DAS DESPESAS (X) = (VIII + IX),"1.593.373.779,00","1.606.229.108,45","242.794.153,88","856.995.681,57","749.233.426,88","241.487.642,34","432.856.777,83","1.173.372.330,62","423.149.944,03",02,2017,2017-04-20
abril 2017,AMORTIZAÇÃO DA DÍVIDA/REFINANCIAMENTO (XI),"0,00","0,00","0,00","0,00","0,00","0,00","0,00","0,00","0,00",02,2017,2017-04-20
abril 2017,Amortização da Dívida Interna,"0,00","0,00","0,00","0,00","0,00","0,00","0,00","0,00","0,00",02,2017,2017-04-20
abril 2017,Dívida Mobiliária,,,,,,,,,,02,2017,2017-04-20
abril 2017,Outras Dívidas,,,,,,,,,,02,2017,2017-04-20
abril 2017,Amortização da Dívida Externa,"0,00","0,00","0,00","0,00","0,00","0,00","0,00","0,00","0,00",02,2017,2017-04-20
abril 2017,Dívida Mobiliária,,,,,,,,,,02,2017,2017-04-20
abril 2017,Outras Dívidas,,,,,,,,,,02,2017,2017-04-20
abril 2017,SUBTOTAL COM REFINANCIAMENTO (XII) = (X + XI),"1.593.373.779,00","1.606.229.108,45","242.794.153,88","856.995.681,57","749.233.426,88","241.487.642,34","432.856.777,83","1.173.372.330,62","423.149.944,03",02,2017,2017-04-20
abril 2017,SUPERÁVIT (XIII),,,,,,,"98.816.273,24",,,02,2017,2017-04-20
abril 2017,TOTAL (XIV) = (XII + XIII),"1.593.373.779,00","1.606.229.108,45","242.794.153,88","856.995.681,57",,"241.487.642,34","531.673.051,07",,"423.149.944,03",02,2017,2017-04-20
abril 2017,RESERVA DO RPPS,,,,,,,,,,02,2017,2017-04-20
fevereiro 2017,DESPESAS (EXCETO INTRA-ORÇAMENTÁRIAS) (VIII),"1.554.715.479,00","1.561.767.390,27","607.911.173,42","607.911.173,42","953.856.216,85","185.940.970,08","185.940.970,08","1.375.826.420,19",,01,2017,2017-02-20
fevereiro 2017,DESPESAS CORRENTES,"1.431.903.610,00","1.437.048.516,61","572.746.418,03","572.746.418,03","864.302.098,58","181.033.356,67","181.033.356,67","1.256.015.159,94","0,00",01,2017,2017-02-20
fevereiro 2017,PESSOAL E ENCARGOS SOCIAIS,"683.027.450,00","699.380.450,00","102.098.241,32","102.098.241,32","597.282.208,68","102.032.898,22","102.032.898,22","597.347.551,78",,01,2017,2017-02-20
fevereiro 2017,JUROS E ENCARGOS DA DÍVIDA,"1.000.000,00","1.000.000,00","1.000.000,00","1.000.000,00","0,00","232.618,19","232.618,19","767.381,81",,01,2017,2017-02-20
fevereiro 2017,OUTRAS DESPESAS CORRENTES,"747.876.160,00","736.668.066,61","469.648.176,71","469.648.176,71","267.019.889,90","78.767.840,26","78.767.840,26","657.900.226,35",,01,2017,2017-02-20
fevereiro 2017,DESPESAS DE CAPITAL,"95.553.869,00","97.460.873,66","35.164.755,39","35.164.755,39","62.296.118,27","4.907.613,41","4.907.613,41","92.553.260,25","0,00",01,2017,2017-02-20
fevereiro 2017,INVESTIMENTOS,"75.869.869,00","78.876.873,66","26.777.086,57","26.777.086,57","52.099.787,09","1.124.038,73","1.124.038,73","77.752.834,93",,01,2017,2017-02-20
fevereiro 2017,INVERSÕES FINANCEIRAS,,,,,,,,,,01,2017,2017-02-20
fevereiro 2017,AMORTIZAÇÃO DA DÍVIDA,"19.684.000,00","18.584.000,00","8.387.668,82","8.387.668,82","10.196.331,18","3.783.574,68","3.783.574,68","14.800.425,32",,01,2017,2017-02-20
fevereiro 2017,RESERVA DE CONTINGÊNCIA,"27.258.000,00","27.258.000,00",,,"27.258.000,00",,,"27.258.000,00",,01,2017,2017-02-20
fevereiro 2017,DESPESAS (INTRA-ORÇAMENTÁRIAS) (IX),"38.658.300,00","38.658.300,00","6.290.354,27","6.290.354,27","32.367.945,73","5.428.165,41","5.428.165,41","33.230.134,59",,01,2017,2017-02-20
fevereiro 2017,SUBTOTAL DAS DESPESAS (X) = (VIII + IX),"1.593.373.779,00","1.600.425.690,27","614.201.527,69","614.201.527,69","986.224.162,58","191.369.135,49","191.369.135,49","1.409.056.554,78","0,00",01,2017,2017-02-20
fevereiro 2017,AMORTIZAÇÃO DA DÍVIDA/REFINANCIAMENTO (XI),"0,00","0,00","0,00","0,00","0,00","0,00","0,00","0,00","0,00",01,2017,2017-02-20
fevereiro 2017,Amortização da Dívida Interna,"0,00","0,00","0,00","0,00","0,00","0,00","0,00","0,00","0,00",01,2017,2017-02-20
fevereiro 2017,Dívida Mobiliária,,,,,,,,,,01,2017,2017-02-20
fevereiro 2017,Outras Dívidas,,,,,,,,,,01,2017,2017-02-20
fevereiro 2017,Amortização da Dívida Externa,"0,00","0,00","0,00","0,00","0,00","0,00","0,00","0,00","0,00",01,2017,2017-02-20
fevereiro 2017,Dívida Mobiliária,,,,,,,,,,01,2017,2017-02-20
fevereiro 2017,Outras Dívidas,,,,,,,,,,01,2017,2017-02-20
fevereiro 2017,SUBTOTAL COM REFINANCIAMENTO (XII) = (X + XI),"1.593.373.779,00","1.600.425.690,27","614.201.527,69","614.201.527,69","986.224.162,58","191.369.135,49","191.369.135,49","1.409.056.554,78","0,00",01,2017,2017-02-20
fevereiro 2017,SUPERÁVIT (XIII),,,,,,,,,,01,2017,2017-02-20
fevereiro 2017,TOTAL (XIV) = (XII + XIII),"1.593.373.779,00","1.600.425.690,27","614.201.527,69","614.201.527,69",,"191.369.135,49","191.369.135,49",,"0,00",01,2017,2017-02-20
fevereiro 2017,RESERVA DO RPPS,,,,,,,,,,01,2017,2017-02-20
dezembro 2018,DESPESAS (EXCETO INTRA-ORÇAMENTÁRIAS) (VIII),"1.655.715.900,00","1.723.897.309,39","176.763.815,42","1.544.991.109,76","178.906.199,63","309.834.691,60","1.483.775.004,67","240.122.304,72","1.450.749.163,75",06,2018,2018-12-20
dezembro 2018,DESPESAS CORRENTES,"1.522.611.944,00","1.575.893.969,68","172.378.483,27","1.486.777.264,55","89.116.705,13","301.809.046,42","1.450.130.658,50","125.763.311,18","1.419.546.625,33",06,2018,2018-12-20
dezembro 2018,PESSOAL E ENCARGOS SOCIAIS,"739.683.450,00","758.870.909,37","160.368.463,29","741.971.505,32","16.899.404,05","160.552.869,71","741.971.505,32","16.899.404,05","727.744.682,50",06,2018,2018-12-20
dezembro 2018,JUROS E ENCARGOS DA DÍVIDA,"4.600.000,00","4.915.000,00","130.978,08","4.845.978,08","69.021,92","871.374,46","4.845.978,08","69.021,92","4.845.948,43",06,2018,2018-12-20
dezembro 2018,OUTRAS DESPESAS CORRENTES,"778.328.494,00","812.108.060,31","11.879.041,90","739.959.781,15","72.148.279,16","140.384.802,25","703.313.175,10","108.794.885,21","686.955.994,40",06,2018,2018-12-20
dezembro 2018,DESPESAS DE CAPITAL,"100.450.586,00","118.736.969,71","4.385.332,15","58.213.845,21","60.523.124,50","8.025.645,18","33.644.346,17","85.092.623,54","31.202.538,42",06,2018,2018-12-20
dezembro 2018,INVESTIMENTOS,"80.230.586,00","100.161.969,71","3.694.137,80","44.741.492,58","55.420.477,13","5.956.852,13","20.171.993,54","79.989.976,17","17.730.185,79",06,2018,2018-12-20
dezembro 2018,INVERSÕES FINANCEIRAS,,,,,,,,,,06,2018,2018-12-20
dezembro 2018,AMORTIZAÇÃO DA DÍVIDA,"20.220.000,00","18.575.000,00","691.194,35","13.472.352,63","5.102.647,37","2.068.793,05","13.472.352,63","5.102.647,37","13.472.352,63",06,2018,2018-12-20
dezembro 2018,RESERVA DE CONTINGÊNCIA,"32.653.370,00","29.266.370,00",,,"29.266.370,00",,,"29.266.370,00",,06,2018,2018-12-20
dezembro 2018,DESPESAS (INTRA-ORÇAMENTÁRIAS) (IX),"37.375.200,00","37.061.409,13","7.821.288,82","35.967.114,98","1.094.294,15","8.217.070,24","35.967.114,98","1.094.294,15","35.967.114,98",06,2018,2018-12-20
dezembro 2018,SUBTOTAL DAS DESPESAS (X) = (VIII + IX),"1.693.091.100,00","1.760.958.718,52","184.585.104,24","1.580.958.224,74","180.000.493,78","318.051.761,84","1.519.742.119,65","241.216.598,87","1.486.716.278,73",06,2018,2018-12-20
dezembro 2018,AMORTIZAÇÃO DA DÍVIDA/REFINANCIAMENTO (XI),"0,00","0,00","0,00","0,00","0,00","0,00","0,00","0,00","0,00",06,2018,2018-12-20
dezembro 2018,Amortização da Dívida Interna,"0,00","0,00","0,00","0,00","0,00","0,00","0,00","0,00","0,00",06,2018,2018-12-20
dezembro 2018,Dívida Mobiliária,,,,,,,,,,06,2018,2018-12-20
dezembro 2018,Outras Dívidas,,,,,,,,,,06,2018,2018-12-20
dezembro 2018,Amortização da Dívida Externa,"0,00","0,00","0,00","0,00","0,00","0,00","0,00","0,00","0,00",06,2018,2018-12-20
dezembro 2018,Dívida Mobiliária,,,,,,,,,,06,2018,2018-12-20
dezembro 2018,Outras Dívidas,,,,,,,,,,06,2018,2018-12-20
dezembro 2018,SUBTOTAL COM REFINANCIAMENTO (XII) = (X + XI),"1.693.091.100,00","1.760.958.718,52","184.585.104,24","1.580.958.224,74","180.000.493,78","318.051.761,84","1.519.742.119,65","241.216.598,87","1.486.716.278,73",06,2018,2018-12-20
dezembro 2018,SUPERÁVIT (XIII),,,,,,,,,,06,2018,2018-12-20
dezembro 2018,TOTAL (XIV) = (XII + XIII),"1.693.091.100,00","1.760.958.718,52","184.585.104,24","1.580.958.224,74",,"318.051.761,84","1.519.742.119,65",,"1.486.716.278,73",06,2018,2018-12-20
dezembro 2018,RESERVA DO RPPS,,,,,,,,,,06,2018,2018-12-20
outubro 2018,DESPESAS (EXCETO INTRA-ORÇAMENTÁRIAS) (VIII),"1.655.715.900,00","1.719.203.455,26","158.011.290,25","1.368.227.294,34","350.976.160,92","246.983.274,74","1.173.940.313,07","545.263.142,19","1.160.460.995,96",05,2018,2018-10-20
outubro 2018,DESPESAS CORRENTES,"1.522.611.944,00","1.567.582.731,68","149.121.462,80","1.314.398.781,28","253.183.950,40","241.370.385,45","1.148.321.612,08","419.261.119,60","1.135.291.978,31",05,2018,2018-10-20
outubro 2018,PESSOAL E ENCARGOS SOCIAIS,"739.683.450,00","746.427.684,77","113.817.526,04","581.603.042,03","164.824.642,74","113.821.711,24","581.418.635,61","165.009.049,16","576.899.239,94",05,2018,2018-10-20
outubro 2018,JUROS E ENCARGOS DA DÍVIDA,"4.600.000,00","4.900.000,00","1.000.000,00","4.715.000,00","185.000,00","1.162.013,21","3.974.603,62","925.396,38","3.974.603,62",05,2018,2018-10-20
outubro 2018,OUTRAS DESPESAS CORRENTES,"778.328.494,00","816.255.046,91","34.303.936,76","728.080.739,25","88.174.307,66","126.386.661,00","562.928.372,85","253.326.674,06","554.418.134,75",05,2018,2018-10-20
outubro 2018,DESPESAS DE CAPITAL,"100.450.586,00","119.017.353,58","8.889.827,45","53.828.513,06","65.188.840,52","5.612.889,29","25.618.700,99","93.398.652,59","25.169.017,65",05,2018,2018-10-20
outubro 2018,INVESTIMENTOS,"80.230.586,00","100.427.353,58","8.514.147,98","41.047.354,78","59.379.998,80","3.377.325,38","14.215.141,41","86.212.212,17","13.765.458,07",05,2018,2018-10-20
outubro 2018,INVERSÕES FINANCEIRAS,,,,,,,,,,05,2018,2018-10-20
outubro 2018,AMORTIZAÇÃO DA DÍVIDA,"20.220.000,00","18.590.000,00","375.679,47","12.781.158,28","5.808.841,72","2.235.563,91","11.403.559,58","7.186.440,42","11.403.559,58",05,2018,2018-10-20
outubro 2018,RESERVA DE CONTINGÊNCIA,"32.653.370,00","32.603.370,00",,,"32.603.370,00",,,"32.603.370,00",,05,2018,2018-10-20
outubro 2018,DESPESAS (INTRA-ORÇAMENTÁRIAS) (IX),"37.375.200,00","36.650.609,13","5.797.309,53","28.145.826,16","8.504.782,97","5.551.731,27","27.750.044,74","8.900.564,39","27.750.044,74",05,2018,2018-10-20
outubro 2018,SUBTOTAL DAS DESPESAS (X) = (VIII + IX),"1.693.091.100,00","1.755.854.064,39","163.808.599,78","1.396.373.120,50","359.480.943,89","252.535.006,01","1.201.690.357,81","554.163.706,58","1.188.211.040,70",05,2018,2018-10-20
outubro 2018,AMORTIZAÇÃO DA DÍVIDA/REFINANCIAMENTO (XI),"0,00","0,00","0,00","0,00","0,00","0,00","0,00","0,00","0,00",05,2018,2018-10-20
outubro 2018,Amortização da Dívida Interna,"0,00","0,00","0,00","0,00","0,00","0,00","0,00","0,00","0,00",05,2018,2018-10-20
outubro 2018,Dívida Mobiliária,,,,,,,,,,05,2018,2018-10-20
outubro 2018,Outras Dívidas,,,,,,,,,,05,2018,2018-10-20
outubro 2018,Amortização da Dívida Externa,"0,00","0,00","0,00","0,00","0,00","0,00","0,00","0,00","0,00",05,2018,2018-10-20
outubro 2018,Dívida Mobiliária,,,,,,,,,,05,2018,2018-10-20
outubro 2018,Outras Dívidas,,,,,,,,,,05,2018,2018-10-20
outubro 2018,SUBTOTAL COM REFINANCIAMENTO (XII) = (X + XI),"1.693.091.100,00","1.755.854.064,39","163.808.599,78","1.396.373.120,50","359.480.943,89","252.535.006,01","1.201.690.357,81","554.163.706,58","1.188.211.040,70",05,2018,2018-10-20
outubro 2018,SUPERÁVIT (XIII),,,,,,,,,,05,2018,2018-10-20
outubro 2018,TOTAL (XIV) = (XII + XIII),"1.693.091.100,00","1.755.854.064,39","163.808.599,78","1.396.373.120,50",,"252.535.006,01","1.201.690.357,81",,"1.188.211.040,70",05,2018,2018-10-20
outubro 2018,RESERVA DO RPPS,,,,,,,,,,05,2018,2018-10-20
agosto 2018,DESPESAS (EXCETO INTRA-ORÇAMENTÁRIAS) (VIII),"1.655.715.900,00","1.697.128.300,87","150.259.871,15","1.210.216.004,09","486.912.296,78","238.414.511,19","926.957.038,33","770.171.262,54","915.565.141,84",04,2018,2018-08-20
agosto 2018,DESPESAS CORRENTES,"1.522.611.944,00","1.545.725.865,57","143.501.087,52","1.165.277.318,48","380.448.547,09","232.092.911,09","906.951.226,63","638.774.638,94","895.874.560,58",04,2018,2018-08-20
agosto 2018,PESSOAL E ENCARGOS SOCIAIS,"739.683.450,00","738.812.443,90","111.449.587,72","467.785.515,99","271.026.927,91","113.060.675,18","467.596.924,37","271.215.519,53","463.782.536,68",04,2018,2018-08-20
agosto 2018,JUROS E ENCARGOS DA DÍVIDA,"4.600.000,00","3.900.000,00",,"3.715.000,00","185.000,00","863.551,54","2.812.590,41","1.087.409,59","2.812.590,41",04,2018,2018-08-20
agosto 2018,OUTRAS DESPESAS CORRENTES,"778.328.494,00","803.013.421,67","32.051.499,80","693.776.802,49","109.236.619,18","118.168.684,37","436.541.711,85","366.471.709,82","429.279.433,49",04,2018,2018-08-20
agosto 2018,DESPESAS DE CAPITAL,"100.450.586,00","118.799.065,30","6.758.783,63","44.938.685,61","73.860.379,69","6.321.600,10","20.005.811,70","98.793.253,60","19.690.581,26",04,2018,2018-08-20
agosto 2018,INVESTIMENTOS,"80.230.586,00","99.234.065,30","5.558.567,84","32.533.206,80","66.700.858,50","4.238.553,81","10.837.816,03","88.396.249,27","10.522.585,59",04,2018,2018-08-20
agosto 2018,INVERSÕES FINANCEIRAS,,,,,,,,,,04,2018,2018-08-20
agosto 2018,AMORTIZAÇÃO DA DÍVIDA,"20.220.000,00","19.565.000,00","1.200.215,79","12.405.478,81","7.159.521,19","2.083.046,29","9.167.995,67","10.397.004,33","9.167.995,67",04,2018,2018-08-20
agosto 2018,RESERVA DE CONTINGÊNCIA,"32.653.370,00","32.603.370,00",,,"32.603.370,00",,,"32.603.370,00",,04,2018,2018-08-20
agosto 2018,DESPESAS (INTRA-ORÇAMENTÁRIAS) (IX),"37.375.200,00","36.881.600,00","5.358.183,17","22.348.516,63","14.533.083,37","5.585.543,93","22.198.313,47","14.683.286,53","22.198.313,47",04,2018,2018-08-20
agosto 2018,SUBTOTAL DAS DESPESAS (X) = (VIII + IX),"1.693.091.100,00","1.734.009.900,87","155.618.054,32","1.232.564.520,72","501.445.380,15","244.000.055,12","949.155.351,80","784.854.549,07","937.763.455,31",04,2018,2018-08-20
agosto 2018,AMORTIZAÇÃO DA DÍVIDA/REFINANCIAMENTO (XI),"0,00","0,00","0,00","0,00","0,00","0,00","0,00","0,00","0,00",04,2018,2018-08-20
agosto 2018,Amortização da Dívida Interna,"0,00","0,00","0,00","0,00","0,00","0,00","0,00","0,00","0,00",04,2018,2018-08-20
agosto 2018,Dívida Mobiliária,,,,,"0,00",,,,,04,2018,2018-08-20
agosto 2018,Outras Dívidas,,,,,,,,,,04,2018,2018-08-20
agosto 2018,Amortização da Dívida Externa,"0,00","0,00","0,00","0,00","0,00","0,00","0,00","0,00","0,00",04,2018,2018-08-20
agosto 2018,Dívida Mobiliária,,,,,,,,,,04,2018,2018-08-20
agosto 2018,Outras Dívidas,,,,,,,,,,04,2018,2018-08-20
agosto 2018,SUBTOTAL COM REFINANCIAMENTO (XII) = (X + XI),"1.693.091.100,00","1.734.009.900,87","155.618.054,32","1.232.564.520,72","501.445.380,15","244.000.055,12","949.155.351,80","784.854.549,07","937.763.455,31",04,2018,2018-08-20
agosto 2018,SUPERÁVIT (XIII),,,,,,,,,,04,2018,2018-08-20
agosto 2018,TOTAL (XIV) = (XII + XIII),"1.693.091.100,00","1.734.009.900,87","155.618.054,32","1.232.564.520,72",,"244.000.055,12","949.155.351,80",,"937.763.455,31",04,2018,2018-08-20
agosto 2018,RESERVA DO RPPS,,,,,,,,,,04,2018,2018-08-20
junho 2018,DESPESAS (EXCETO INTRA-ORÇAMENTÁRIAS) (VIII),"1.655.715.900,00","1.692.487.963,01","169.336.027,14","1.059.956.132,94","632.531.830,07","253.704.808,05","688.542.527,14","1.003.945.435,87","678.802.014,67",03,2018,2018-06-20
junho 2018,DESPESAS CORRENTES,"1.522.611.944,00","1.544.475.809,77","158.497.374,16","1.021.776.230,96","522.699.578,81","249.275.733,03","674.858.315,54","869.617.494,23","665.637.792,75",03,2018,2018-06-20
junho 2018,PESSOAL E ENCARGOS SOCIAIS,"739.683.450,00","738.559.925,70","132.765.414,09","356.335.928,27","382.223.997,43","132.883.349,55","354.536.249,19","384.023.676,51","350.856.682,26",03,2018,2018-06-20
junho 2018,JUROS E ENCARGOS DA DÍVIDA,"4.600.000,00","3.900.000,00",,"3.715.000,00","185.000,00","524.496,41","1.949.038,87","1.950.961,13","1.949.038,87",03,2018,2018-06-20
junho 2018,OUTRAS DESPESAS CORRENTES,"778.328.494,00","802.015.884,07","25.731.960,07","661.725.302,69","140.290.581,38","115.867.887,07","318.373.027,48","483.642.856,59","312.832.071,62",03,2018,2018-06-20
junho 2018,DESPESAS DE CAPITAL,"100.450.586,00","115.358.783,24","10.838.652,98","38.179.901,98","77.178.881,26","4.429.075,02","13.684.211,60","101.674.571,64","13.164.221,92",03,2018,2018-06-20
junho 2018,INVESTIMENTOS,"80.230.586,00","95.793.783,24","9.642.767,31","26.974.638,96","68.819.144,28","2.170.580,21","6.599.262,22","89.194.521,02","6.430.794,35",03,2018,2018-06-20
junho 2018,INVERSÕES FINANCEIRAS,,,,,,,,,,03,2018,2018-06-20
junho 2018,AMORTIZAÇÃO DA DÍVIDA,"20.220.000,00","19.565.000,00","1.195.885,67","11.205.263,02","8.359.736,98","2.258.494,81","7.084.949,38","12.480.050,62","6.733.427,57",03,2018,2018-06-20
junho 2018,RESERVA DE CONTINGÊNCIA,"32.653.370,00","32.653.370,00",,,"32.653.370,00",,,"32.653.370,00",,03,2018,2018-06-20
junho 2018,DESPESAS (INTRA-ORÇAMENTÁRIAS) (IX),"37.375.200,00","37.171.600,00","5.339.821,36","16.990.333,46","20.181.266,54","5.560.447,96","16.612.769,54","20.558.830,46","16.612.769,54",03,2018,2018-06-20
junho 2018,SUBTOTAL DAS DESPESAS (X) = (VIII + IX),"1.693.091.100,00","1.729.659.563,01","174.675.848,50","1.076.946.466,40","652.713.096,61","259.265.256,01","705.155.296,68","1.024.504.266,33","695.414.784,21",03,2018,2018-06-20
junho 2018,AMORTIZAÇÃO DA DÍVIDA/REFINANCIAMENTO (XI),"0,00","0,00","0,00","0,00","0,00","0,00","0,00","0,00","0,00",03,2018,2018-06-20
junho 2018,Amortização da Dívida Interna,"0,00","0,00","0,00","0,00","0,00","0,00","0,00","0,00","0,00",03,2018,2018-06-20
junho 2018,Dívida Mobiliária,,,,,,,,,,03,2018,2018-06-20
junho 2018,Outras Dívidas,,,,,,,,,,03,2018,2018-06-20
junho 2018,Amortização da Dívida Externa,"0,00","0,00","0,00","0,00","0,00","0,00","0,00","0,00","0,00",03,2018,2018-06-20
junho 2018,Dívida Mobiliária,,,,,,,,,,03,2018,2018-06-20
junho 2018,Outras Dívidas,,,,,,,,,,03,2018,2018-06-20
junho 2018,SUBTOTAL COM REFINANCIAMENTO (XII) = (X + XI),"1.693.091.100,00","1.729.659.563,01","174.675.848,50","1.076.946.466,40","652.713.096,61","259.265.256,01","705.155.296,68","1.024.504.266,33","695.414.784,21",03,2018,2018-06-20
junho 2018,SUPERÁVIT (XIII),,,,,,,"109.172.790,89",,,03,2018,2018-06-20
junho 2018,TOTAL (XIV) = (XII + XIII),"1.693.091.100,00","1.729.659.563,01","174.675.848,50","1.076.946.466,40",,"259.265.256,01","814.328.087,57",,"695.414.784,21",03,2018,2018-06-20
junho 2018,RESERVA DO RPPS,,,,,,,,,,03,2018,2018-06-20
abril 2018,DESPESAS (EXCETO INTRA-ORÇAMENTÁRIAS) (VIII),"1.655.715.900,00","1.682.267.075,87","189.444.494,02","890.620.105,80","791.646.970,07","238.286.098,97","434.837.719,09","1.247.429.356,78","520.023.689,22",02,2018,2018-04-20
abril 2018,DESPESAS CORRENTES,"1.522.611.944,00","1.540.283.960,38","183.908.972,32","863.278.856,80","677.005.103,58","232.111.690,61","425.582.582,51","1.114.701.377,87","509.796.245,42",02,2018,2018-04-20
abril 2018,PESSOAL E ENCARGOS SOCIAIS,"739.683.450,00","739.566.259,70","113.725.079,63","223.570.514,18","515.995.745,52","111.873.616,22","221.652.899,64","517.913.360,06","258.701.462,22",02,2018,2018-04-20
abril 2018,JUROS E ENCARGOS DA DÍVIDA,"4.600.000,00","3.900.000,00",,"3.715.000,00","185.000,00","803.180,79","1.424.542,46","2.475.457,54","1.770.263,05",02,2018,2018-04-20
abril 2018,OUTRAS DESPESAS CORRENTES,"778.328.494,00","796.817.700,68","70.183.892,69","635.993.342,62","160.824.358,06","119.434.893,60","202.505.140,41","594.312.560,27","249.324.520,15",02,2018,2018-04-20
abril 2018,DESPESAS DE CAPITAL,"100.450.586,00","109.329.745,49","5.535.521,70","27.341.249,00","81.988.496,49","6.174.408,36","9.255.136,58","100.074.608,91","10.227.443,80",02,2018,2018-04-20
abril 2018,INVESTIMENTOS,"80.230.586,00","89.764.745,49","3.153.873,91","17.331.871,65","72.432.873,84","3.125.464,78","4.428.682,01","85.336.063,48","4.739.911,07",02,2018,2018-04-20
abril 2018,INVERSÕES FINANCEIRAS,,,,,,,,,,02,2018,2018-04-20
abril 2018,AMORTIZAÇÃO DA DÍVIDA,"20.220.000,00","19.565.000,00","2.381.647,79","10.009.377,35","9.555.622,65","3.048.943,58","4.826.454,57","14.738.545,43","5.487.532,73",02,2018,2018-04-20
abril 2018,RESERVA DE CONTINGÊNCIA,"32.653.370,00","32.653.370,00",,,"32.653.370,00",,,"32.653.370,00",,02,2018,2018-04-20
abril 2018,DESPESAS (INTRA-ORÇAMENTÁRIAS) (IX),"37.375.200,00","37.371.600,00","5.376.005,91","11.650.512,10","25.721.087,90","5.590.280,31","11.052.321,58","26.319.278,42","11.175.445,74",02,2018,2018-04-20
abril 2018,SUBTOTAL DAS DESPESAS (X) = (VIII + IX),"1.693.091.100,00","1.719.638.675,87","194.820.499,93","902.270.617,90","817.368.057,97","243.876.379,28","445.890.040,67","1.273.748.635,20","531.199.134,96",02,2018,2018-04-20
abril 2018,AMORTIZAÇÃO DA DÍVIDA/REFINANCIAMENTO (XI),"0,00","0,00","0,00","0,00","0,00","0,00","0,00","0,00","0,00",02,2018,2018-04-20
abril 2018,Amortização da Dívida Interna,"0,00","0,00","0,00","0,00","0,00","0,00","0,00","0,00","0,00",02,2018,2018-04-20
abril 2018,Dívida Mobiliária,,,,,,,,,,02,2018,2018-04-20
abril 2018,Outras Dívidas,,,,,,,,,,02,2018,2018-04-20
abril 2018,Amortização da Dívida Externa,"0,00","0,00","0,00","0,00","0,00","0,00","0,00","0,00","0,00",02,2018,2018-04-20
abril 2018,Dívida Mobiliária,,,,,,,,,,02,2018,2018-04-20
abril 2018,Outras Dívidas,,,,,,,,,,02,2018,2018-04-20
abril 2018,SUBTOTAL COM REFINANCIAMENTO (XII) = (X + XI),"1.693.091.100,00","1.719.638.675,87","194.820.499,93","902.270.617,90","817.368.057,97","243.876.379,28","445.890.040,67","1.273.748.635,20","531.199.134,96",02,2018,2018-04-20
abril 2018,SUPERÁVIT (XIII),,,,,,,"112.108.529,94",,,02,2018,2018-04-20
abril 2018,TOTAL (XIV) = (XII + XIII),"1.693.091.100,00","1.719.638.675,87","194.820.499,93","902.270.617,90",,"243.876.379,28","557.998.570,61",,"531.199.134,96",02,2018,2018-04-20
abril 2018,RESERVA DO RPPS,,,,,,,,,,02,2018,2018-04-20
fevereiro 2018,DESPESAS (EXCETO INTRA-ORÇAMENTÁRIAS) (VIII),"1.655.715.900,00","1.666.974.136,57","701.175.611,78","701.175.611,78","965.798.524,79","196.551.620,12","196.551.620,12","1.470.422.516,45","187.705.933,13",01,2018,2018-02-20
fevereiro 2018,DESPESAS CORRENTES,"1.522.611.944,00","1.532.107.340,66","679.369.884,48","679.369.884,48","852.737.456,18","193.470.891,90","193.470.891,90","1.338.636.448,76","184.752.991,56",01,2018,2018-02-20
fevereiro 2018,PESSOAL E ENCARGOS SOCIAIS,"739.683.450,00","739.970.259,70","109.845.434,55","109.845.434,55","630.124.825,15","109.779.283,42","109.779.283,42","630.190.976,28","106.330.816,02",01,2018,2018-02-20
fevereiro 2018,JUROS E ENCARGOS DA DÍVIDA,"4.600.000,00","4.600.000,00","3.715.000,00","3.715.000,00","885.000,00","621.361,67","621.361,67","3.978.638,33","621.361,67",01,2018,2018-02-20
fevereiro 2018,OUTRAS DESPESAS CORRENTES,"778.328.494,00","787.537.080,96","565.809.449,93","565.809.449,93","221.727.631,03","83.070.246,81","83.070.246,81","704.466.834,15","77.800.813,87",01,2018,2018-02-20
fevereiro 2018,DESPESAS DE CAPITAL,"100.450.586,00","102.213.425,91","21.805.727,30","21.805.727,30","80.407.698,61","3.080.728,22","3.080.728,22","99.132.697,69","2.952.941,57",01,2018,2018-02-20
fevereiro 2018,INVESTIMENTOS,"80.230.586,00","83.348.425,91","14.177.997,74","14.177.997,74","69.170.428,17","1.303.217,23","1.303.217,23","82.045.208,68","1.175.430,58",01,2018,2018-02-20
fevereiro 2018,INVERSÕES FINANCEIRAS,,,,,,,,,,01,2018,2018-02-20
fevereiro 2018,AMORTIZAÇÃO DA DÍVIDA,"20.220.000,00","18.865.000,00","7.627.729,56","7.627.729,56","11.237.270,44","1.777.510,99","1.777.510,99","17.087.489,01","1.777.510,99",01,2018,2018-02-20
fevereiro 2018,RESERVA DE CONTINGÊNCIA,"32.653.370,00","32.653.370,00",,,"32.653.370,00",,,"32.653.370,00",,01,2018,2018-02-20
fevereiro 2018,DESPESAS (INTRA-ORÇAMENTÁRIAS) (IX),"37.375.200,00","37.372.500,00","6.274.506,19","6.274.506,19","31.097.993,81","5.462.041,27","5.462.041,27","31.910.458,73","5.462.041,27",01,2018,2018-02-20
fevereiro 2018,SUBTOTAL DAS DESPESAS (X) = (VIII + IX),"1.693.091.100,00","1.704.346.636,57","707.450.117,97","707.450.117,97","996.896.518,60","202.013.661,39","202.013.661,39","1.502.332.975,18","193.167.974,40",01,2018,2018-02-20
fevereiro 2018,AMORTIZAÇÃO DA DÍVIDA/REFINANCIAMENTO (XI),,,,,,,,,,01,2018,2018-02-20
fevereiro 2018,Amortização da Dívida Interna,,,,,,,,,,01,2018,2018-02-20
fevereiro 2018,Dívida Mobiliária,,,,,,,,,,01,2018,2018-02-20
fevereiro 2018,Outras Dívidas,,,,,,,,,,01,2018,2018-02-20
fevereiro 2018,Amortização da Dívida Externa,,,,,,,,,,01,2018,2018-02-20
fevereiro 2018,Dívida Mobiliária,,,,,,,,,,01,2018,2018-02-20
fevereiro 2018,Outras Dívidas,,,,,,,,,,01,2018,2018-02-20
fevereiro 2018,SUBTOTAL COM REFINANCIAMENTO (XII) = (X + XI),"1.693.091.100,00","1.704.346.636,57","707.450.117,97","707.450.117,97","996.896.518,60","202.013.661,39","202.013.661,39","1.502.332.975,18","193.167.974,40",01,2018,2018-02-20
fevereiro 2018,SUPERÁVIT (XIII),,,,,,,"68.349.478,22",,,01,2018,2018-02-20
fevereiro 2018,TOTAL (XIV) = (XII + XIII),"1.693.091.100,00","1.704.346.636,57","707.450.117,97","707.450.117,97",,"202.013.661,39","270.363.139,61",,"193.167.974,40",01,2018,2018-02-20
fevereiro 2018,RESERVA DO RPPS,,,,,,,,,,01,2018,2018-02-20
dezembro 2019,DESPESAS (EXCETO INTRA-ORÇAMENTÁRIAS) (VIII),"1.717.027.500,00","1.819.613.669,09","225.801.068,42","1.688.905.080,03","130.708.589,06","344.689.341,28","1.631.764.370,64","187.849.298,45","1.608.784.077,06",06,2019,2019-12-20
dezembro 2019,DESPESAS CORRENTES,"1.615.879.636,00","1.695.246.833,17","218.104.359,40","1.608.488.957,48","86.757.875,69","328.086.018,83","1.571.219.689,24","124.027.143,93","1.548.852.205,87",06,2019,2019-12-20
dezembro 2019,PESSOAL E ENCARGOS SOCIAIS,"785.708.500,00","816.883.504,50","171.225.189,69","787.948.345,47","28.935.159,03","172.002.852,17","787.948.345,47","28.935.159,03","775.125.220,93",06,2019,2019-12-20
dezembro 2019,JUROS E ENCARGOS DA DÍVIDA,"5.393.105,00","5.055.105,00","-24.304,65","4.954.884,30","100.220,70","833.776,76","4.954.884,30","100.220,70","4.954.884,30",06,2019,2019-12-20
dezembro 2019,OUTRAS DESPESAS CORRENTES,"824.778.031,00","873.308.223,67","46.903.474,36","815.585.727,71","57.722.495,96","155.249.389,90","778.316.459,47","94.991.764,20","768.772.100,64",06,2019,2019-12-20
dezembro 2019,DESPESAS DE CAPITAL,"96.422.864,00","122.915.835,92","7.696.709,02","80.416.122,55","42.499.713,37","16.603.322,45","60.544.681,40","62.371.154,52","59.931.871,19",06,2019,2019-12-20
dezembro 2019,INVESTIMENTOS,"74.785.969,00","105.940.940,92","6.581.446,22","64.861.455,33","41.079.485,59","14.305.445,60","44.990.014,18","60.950.926,74","44.427.041,28",06,2019,2019-12-20
dezembro 2019,INVERSÕES FINANCEIRAS,,,,,,,,,,06,2019,2019-12-20
dezembro 2019,AMORTIZAÇÃO DA DÍVIDA,"21.636.895,00","16.974.895,00","1.115.262,80","15.554.667,22","1.420.227,78","2.297.876,85","15.554.667,22","1.420.227,78","15.504.829,91",06,2019,2019-12-20
dezembro 2019,RESERVA DE CONTINGÊNCIA,"4.725.000,00","1.451.000,00",,,"1.451.000,00",,,"1.451.000,00",,06,2019,2019-12-20
dezembro 2019,DESPESAS (INTRA-ORÇAMENTÁRIAS) (IX),"37.843.400,00","37.763.065,60","8.390.808,69","36.543.685,28","1.219.380,32","8.410.934,17","36.543.685,28","1.219.380,32","36.543.685,28",06,2019,2019-12-20
dezembro 2019,SUBTOTAL DAS DESPESAS (X) = (VIII + IX),"1.754.870.900,00","1.857.376.734,69","234.191.877,11","1.725.448.765,31","131.927.969,38","353.100.275,45","1.668.308.055,92","189.068.678,77","1.645.327.762,34",06,2019,2019-12-20
dezembro 2019,AMORTIZAÇÃO DA DÍVIDA/REFINANCIAMENTO (XI),,,,,,,,,,06,2019,2019-12-20
dezembro 2019,Amortização da Dívida Interna,,,,,,,,,,06,2019,2019-12-20
dezembro 2019,Dívida Mobiliária,,,,,,,,,,06,2019,2019-12-20
dezembro 2019,Outras Dívidas,,,,,,,,,,06,2019,2019-12-20
dezembro 2019,Amortização da Dívida Externa,,,,,,,,,,06,2019,2019-12-20
dezembro 2019,Dívida Mobiliária,,,,,,,,,,06,2019,2019-12-20
dezembro 2019,Outras Dívidas,,,,,,,,,,06,2019,2019-12-20
dezembro 2019,SUBTOTAL COM REFINANCIAMENTO (XII) = (X + XI),"1.754.870.900,00","1.857.376.734,69","234.191.877,11","1.725.448.765,31","131.927.969,38","353.100.275,45","1.668.308.055,92","189.068.678,77","1.645.327.762,34",06,2019,2019-12-20
dezembro 2019,SUPERÁVIT (XIII),,,,"11.742.563,11",,,,,,06,2019,2019-12-20
dezembro 2019,TOTAL (XIV) = (XII + XIII),"1.754.870.900,00","1.857.376.734,69","234.191.877,11","1.737.191.328,42",,"353.100.275,45","1.668.308.055,92",,"1.645.327.762,34",06,2019,2019-12-20
dezembro 2019,RESERVA DO RPPS,"33.139.000,00","33.139.000,00",,,"33.139.000,00",,,"33.139.000,00",,06,2019,2019-12-20
outubro 2019,DESPESAS (EXCETO INTRA-ORÇAMENTÁRIAS) (VIII),"1.717.027.500,00","1.782.076.947,50","168.066.469,93","1.463.104.011,61","318.972.935,89","269.939.455,64","1.287.075.029,36","495.001.918,14","1.260.536.915,91",05,2019,2019-10-20
outubro 2019,DESPESAS CORRENTES,"1.615.879.636,00","1.650.609.152,15","151.260.761,50","1.390.384.598,08","260.224.554,07","257.533.349,60","1.243.133.670,41","407.475.481,74","1.217.298.972,32",05,2019,2019-10-20
outubro 2019,PESSOAL E ENCARGOS SOCIAIS,"785.708.500,00","794.090.011,34","121.901.203,53","616.723.155,78","177.366.855,56","121.805.153,51","615.945.493,30","178.144.518,04","611.634.900,82",05,2019,2019-10-20
outubro 2019,JUROS E ENCARGOS DA DÍVIDA,"5.393.105,00","5.055.105,00","62.000,00","4.979.188,95","75.916,05","1.382.087,79","4.121.107,54","933.997,46","3.832.596,41",05,2019,2019-10-20
outubro 2019,OUTRAS DESPESAS CORRENTES,"824.778.031,00","851.464.035,81","29.297.557,97","768.682.253,35","82.781.782,46","134.346.108,30","623.067.069,57","228.396.966,24","601.831.475,09",05,2019,2019-10-20
outubro 2019,DESPESAS DE CAPITAL,"96.422.864,00","127.742.795,35","16.805.708,43","72.719.413,53","55.023.381,82","12.406.106,04","43.941.358,95","83.801.436,40","43.237.943,59",05,2019,2019-10-20
outubro 2019,INVESTIMENTOS,"74.785.969,00","110.567.900,35","15.750.834,39","58.280.009,11","52.287.891,24","10.013.072,85","30.684.568,58","79.883.331,77","30.087.697,84",05,2019,2019-10-20
outubro 2019,INVERSÕES FINANCEIRAS,,,,,,,,,,05,2019,2019-10-20
outubro 2019,AMORTIZAÇÃO DA DÍVIDA,"21.636.895,00","17.174.895,00","1.054.874,04","14.439.404,42","2.735.490,58","2.393.033,19","13.256.790,37","3.918.104,63","13.150.245,75",05,2019,2019-10-20
outubro 2019,RESERVA DE CONTINGÊNCIA,"4.725.000,00","3.725.000,00",,,"3.725.000,00",,,"3.725.000,00",,05,2019,2019-10-20
outubro 2019,DESPESAS (INTRA-ORÇAMENTÁRIAS) (IX),"37.843.400,00","36.428.526,78","5.332.912,69","28.152.876,59","8.275.650,19","5.594.875,05","28.132.751,11","8.295.775,67","28.132.751,11",05,2019,2019-10-20
outubro 2019,SUBTOTAL DAS DESPESAS (X) = (VIII + IX),"1.754.870.900,00","1.818.505.474,28","173.399.382,62","1.491.256.888,20","327.248.586,08","275.534.330,69","1.315.207.780,47","503.297.693,81","1.288.669.667,02",05,2019,2019-10-20
outubro 2019,AMORTIZAÇÃO DA DÍVIDA/REFINANCIAMENTO (XI),,,,,,,,,,05,2019,2019-10-20
outubro 2019,Amortização da Dívida Interna,,,,,,,,,,05,2019,2019-10-20
outubro 2019,Dívida Mobiliária,,,,,,,,,,05,2019,2019-10-20
outubro 2019,Outras Dívidas,,,,,,,,,,05,2019,2019-10-20
outubro 2019,Amortização da Dívida Externa,,,,,,,,,,05,2019,2019-10-20
outubro 2019,Dívida Mobiliária,,,,,,,,,,05,2019,2019-10-20
outubro 2019,Outras Dívidas,,,,,,,,,,05,2019,2019-10-20
outubro 2019,SUBTOTAL COM REFINANCIAMENTO (XII) = (X + XI),"1.754.870.900,00","1.818.505.474,28","173.399.382,62","1.491.256.888,20","327.248.586,08","275.534.330,69","1.315.207.780,47","503.297.693,81","1.288.669.667,02",05,2019,2019-10-20
outubro 2019,SUPERÁVIT (XIII),,,,,,,"109.015.814,26",,,05,2019,2019-10-20
outubro 2019,TOTAL (XIV) = (XII + XIII),"1.754.870.900,00","1.818.505.474,28","173.399.382,62","1.491.256.888,20",,"275.534.330,69","1.424.223.594,73",,"1.288.669.667,02",05,2019,2019-10-20
outubro 2019,RESERVA DO RPPS,"33.139.000,00","33.139.000,00",,,"33.139.000,00",,,"33.139.000,00",,05,2019,2019-10-20
agosto 2019,DESPESAS (EXCETO INTRA-ORÇAMENTÁRIAS) (VIII),"1.717.027.500,00","1.779.352.602,08","164.570.923,65","1.295.037.541,68","484.315.060,40","261.782.275,41","1.017.135.573,72","762.217.028,36","992.345.012,05",04,2019,2019-08-20
agosto 2019,DESPESAS CORRENTES,"1.615.879.636,00","1.653.817.965,00","154.620.087,71","1.239.123.836,58","414.694.128,42","249.932.268,42","985.600.320,81","668.217.644,19","961.567.606,87",04,2019,2019-08-20
agosto 2019,PESSOAL E ENCARGOS SOCIAIS,"785.708.500,00","789.678.198,88","118.557.152,27","494.821.952,25","294.856.246,63","119.573.458,69","494.140.339,79","295.537.859,09","489.126.743,17",04,2019,2019-08-20
agosto 2019,JUROS E ENCARGOS DA DÍVIDA,"5.393.105,00","4.965.105,00","1.300.000,00","4.917.188,95","47.916,05","1.056.964,69","2.739.019,75","2.226.085,25","2.739.019,75",04,2019,2019-08-20
agosto 2019,OUTRAS DESPESAS CORRENTES,"824.778.031,00","859.174.661,12","34.762.935,44","739.384.695,38","119.789.965,74","129.301.845,04","488.720.961,27","370.453.699,85","469.701.843,95",04,2019,2019-08-20
agosto 2019,DESPESAS DE CAPITAL,"96.422.864,00","120.809.637,08","9.950.835,94","55.913.705,10","64.895.931,98","11.850.006,99","31.535.252,91","89.274.384,17","30.777.405,18",04,2019,2019-08-20
agosto 2019,INVESTIMENTOS,"74.785.969,00","103.544.742,08","8.741.840,29","42.529.174,72","61.015.567,36","9.383.375,74","20.671.495,73","82.873.246,35","20.011.957,03",04,2019,2019-08-20
agosto 2019,INVERSÕES FINANCEIRAS,,,,,,,,,,04,2019,2019-08-20
agosto 2019,AMORTIZAÇÃO DA DÍVIDA,"21.636.895,00","17.264.895,00","1.208.995,65","13.384.530,38","3.880.364,62","2.466.631,25","10.863.757,18","6.401.137,82","10.765.448,15",04,2019,2019-08-20
agosto 2019,RESERVA DE CONTINGÊNCIA,"4.725.000,00","4.725.000,00",,,"4.725.000,00",,,"4.725.000,00",,04,2019,2019-08-20
agosto 2019,DESPESAS (INTRA-ORÇAMENTÁRIAS) (IX),"37.843.400,00","37.218.400,00","5.383.987,46","22.819.963,90","14.398.436,10","5.646.344,36","22.537.876,06","14.680.523,94","22.537.876,06",04,2019,2019-08-20
agosto 2019,SUBTOTAL DAS DESPESAS (X) = (VIII + IX),"1.754.870.900,00","1.816.571.002,08","169.954.911,11","1.317.857.505,58","498.713.496,50","267.428.619,77","1.039.673.449,78","776.897.552,30","1.014.882.888,11",04,2019,2019-08-20
agosto 2019,AMORTIZAÇÃO DA DÍVIDA/REFINANCIAMENTO (XI),,,,,,,,,,04,2019,2019-08-20
agosto 2019,Amortização da Dívida Interna,,,,,,,,,,04,2019,2019-08-20
agosto 2019,Dívida Mobiliária,,,,,,,,,,04,2019,2019-08-20
agosto 2019,Outras Dívidas,,,,,,,,,,04,2019,2019-08-20
agosto 2019,Amortização da Dívida Externa,,,,,,,,,,04,2019,2019-08-20
agosto 2019,Dívida Mobiliária,,,,,,,,,,04,2019,2019-08-20
agosto 2019,Outras Dívidas,,,,,,,,,,04,2019,2019-08-20
agosto 2019,SUBTOTAL COM REFINANCIAMENTO (XII) = (X + XI),"1.754.870.900,00","1.816.571.002,08","169.954.911,11","1.317.857.505,58","498.713.496,50","267.428.619,77","1.039.673.449,78","776.897.552,30","1.014.882.888,11",04,2019,2019-08-20
agosto 2019,SUPERÁVIT (XIII),,,,,,,"86.423.523,62",,,04,2019,2019-08-20
agosto 2019,TOTAL (XIV) = (XII + XIII),"1.754.870.900,00","1.816.571.002,08","169.954.911,11","1.317.857.505,58",,"267.428.619,77","1.126.096.973,40",,"1.014.882.888,11",04,2019,2019-08-20
agosto 2019,RESERVA DO RPPS,"33.139.000,00","33.139.000,00",,,"33.139.000,00",,,"33.139.000,00",,04,2019,2019-08-20
junho 2019,DESPESAS (EXCETO INTRA-ORÇAMENTÁRIAS) (VIII),"1.750.166.500,00","1.806.721.772,62","182.684.871,98","1.130.466.618,03","676.255.154,59","289.023.952,34","755.353.298,31","1.051.368.474,31","748.079.187,59",03,2019,2019-06-20
junho 2019,DESPESAS CORRENTES,"1.615.879.636,00","1.649.241.001,09","166.058.642,56","1.084.503.748,87","564.737.252,22","280.164.645,64","735.668.052,39","913.572.948,70","728.787.550,46",03,2019,2019-06-20
junho 2019,PESSOAL E ENCARGOS SOCIAIS,"784.814.500,00","788.126.795,92","142.693.992,97","376.183.397,02","411.943.398,90","143.486.588,25","374.485.478,14","413.641.317,78","387.196.267,85",03,2019,2019-06-20
junho 2019,JUROS E ENCARGOS DA DÍVIDA,"5.393.105,00","4.965.105,00",,"3.617.188,95","1.347.916,05","634.632,85","1.682.055,06","3.283.049,94","1.682.055,06",03,2019,2019-06-20
junho 2019,OUTRAS DESPESAS CORRENTES,"825.672.031,00","856.149.100,17","23.364.649,59","704.703.162,90","151.445.937,27","136.043.424,54","359.500.519,19","496.648.580,98","339.909.227,55",03,2019,2019-06-20
junho 2019,DESPESAS DE CAPITAL,"96.422.864,00","119.616.771,53","16.626.229,42","45.962.869,16","73.653.902,37","8.859.306,70","19.685.245,92","99.931.525,61","19.291.637,13",03,2019,2019-06-20
junho 2019,INVESTIMENTOS,"74.785.969,00","102.351.876,53","15.417.921,94","33.787.334,43","68.564.542,10","6.032.476,67","11.288.119,99","91.063.756,54","10.894.511,20",03,2019,2019-06-20
junho 2019,INVERSÕES FINANCEIRAS,,,,,,,,"0,00",,03,2019,2019-06-20
junho 2019,AMORTIZAÇÃO DA DÍVIDA,"21.636.895,00","17.264.895,00","1.208.307,48","12.175.534,73","5.089.360,27","2.826.830,03","8.397.125,93","8.867.769,07","8.397.125,93",03,2019,2019-06-20
junho 2019,RESERVA DE CONTINGÊNCIA,"37.864.000,00","37.864.000,00",,,"37.864.000,00",,,"37.864.000,00",,03,2019,2019-06-20
junho 2019,DESPESAS (INTRA-ORÇAMENTÁRIAS) (IX),"37.843.400,00","37.843.400,00","5.371.951,15","17.435.976,44","20.407.423,56","5.632.401,13","16.891.531,70","20.951.868,30",,03,2019,2019-06-20
junho 2019,SUBTOTAL DAS DESPESAS (X) = (VIII + IX),"1.788.009.900,00","1.844.565.172,62","188.056.823,13","1.147.902.594,47","696.662.578,15","294.656.353,47","772.244.830,01","1.072.320.342,61","748.079.187,59",03,2019,2019-06-20
junho 2019,AMORTIZAÇÃO DA DÍVIDA/REFINANCIAMENTO (XI),"0,00","0,00","0,00","0,00","0,00","0,00","0,00","0,00","0,00",03,2019,2019-06-20
junho 2019,Amortização da Dívida Interna,"0,00","0,00","0,00","0,00","0,00","0,00","0,00","0,00","0,00",03,2019,2019-06-20
junho 2019,Dívida Mobiliária,,,,,,,,,,03,2019,2019-06-20
junho 2019,Outras Dívidas,,,,,,,,,,03,2019,2019-06-20
junho 2019,Amortização da Dívida Externa,"0,00","0,00","0,00","0,00","0,00","0,00","0,00","0,00","0,00",03,2019,2019-06-20
junho 2019,Dívida Mobiliária,,,,,,,,,,03,2019,2019-06-20
junho 2019,Outras Dívidas,,,,,,,,,,03,2019,2019-06-20
junho 2019,SUBTOTAL COM REFINANCIAMENTO (XII) = (X + XI),"1.788.009.900,00","1.844.565.172,62","188.056.823,13","1.147.902.594,47","696.662.578,15","294.656.353,47","772.244.830,01","1.072.320.342,61","748.079.187,59",03,2019,2019-06-20
junho 2019,SUPERÁVIT (XIII),,,,,,,"84.245.287,81",,,03,2019,2019-06-20
junho 2019,TOTAL (XIV) = (XII + XIII),"1.788.009.900,00","1.844.565.172,62","188.056.823,13","1.147.902.594,47",,"294.656.353,47","856.490.117,82",,"748.079.187,59",03,2019,2019-06-20
junho 2019,RESERVA DO RPPS,,,,,,,,,,03,2019,2019-06-20
abril 2019,DESPESAS (EXCETO INTRA-ORÇAMENTÁRIAS) (VIII),"1.750.166.500,00","1.792.562.627,31","223.171.015,32","947.781.746,05","844.780.881,26","255.189.130,76","466.329.345,97","1.326.233.281,34","445.598.580,26",02,2019,2019-04-20
abril 2019,DESPESAS CORRENTES,"1.615.879.636,00","1.640.403.746,87","214.068.337,65","918.445.106,31","721.958.640,56","248.125.100,78","455.503.406,75","1.184.900.340,12","435.011.666,27",02,2019,2019-04-20
abril 2019,PESSOAL E ENCARGOS SOCIAIS,"784.814.500,00","785.773.198,88","118.478.620,60","233.489.404,05","552.283.794,83","119.179.403,58","230.998.889,89","554.774.308,99","226.534.945,87",02,2019,2019-04-20
abril 2019,JUROS E ENCARGOS DA DÍVIDA,"5.393.105,00","4.965.105,00","213.988,95","3.617.188,95","1.347.916,05","578.680,36","1.047.422,21","3.917.682,79","1.047.422,21",02,2019,2019-04-20
abril 2019,OUTRAS DESPESAS CORRENTES,"825.672.031,00","849.665.442,99","95.375.728,10","681.338.513,31","168.326.929,68","128.367.016,84","223.457.094,65","626.208.348,34","207.429.298,19",02,2019,2019-04-20
abril 2019,DESPESAS DE CAPITAL,"96.422.864,00","114.294.880,44","9.102.677,67","29.336.639,74","84.958.240,70","7.064.029,98","10.825.939,22","103.468.941,22","10.586.913,99",02,2019,2019-04-20
abril 2019,INVESTIMENTOS,"74.785.969,00","96.729.985,44","7.775.767,15","18.369.412,49","78.360.572,95","4.176.029,99","5.255.643,32","91.474.342,12","5.016.618,09",02,2019,2019-04-20
abril 2019,INVERSÕES FINANCEIRAS,,,,,"0,00",,,,,02,2019,2019-04-20
abril 2019,AMORTIZAÇÃO DA DÍVIDA,"21.636.895,00","17.564.895,00","1.326.910,52","10.967.227,25","6.597.667,75","2.887.999,99","5.570.295,90","11.994.599,10","5.570.295,90",02,2019,2019-04-20
abril 2019,RESERVA DE CONTINGÊNCIA,"37.864.000,00","37.864.000,00",,,"37.864.000,00",,,"37.864.000,00",,02,2019,2019-04-20
abril 2019,DESPESAS (INTRA-ORÇAMENTÁRIAS) (IX),"37.843.400,00","37.843.400,00","5.485.352,68","12.064.025,29","25.779.374,71","5.738.141,98","11.259.130,57","26.584.269,43","11.217.383,42",02,2019,2019-04-20
abril 2019,SUBTOTAL DAS DESPESAS (X) = (VIII + IX),"1.788.009.900,00","1.830.406.027,31","228.656.368,00","959.845.771,34","870.560.255,97","260.927.272,74","477.588.476,54","1.352.817.550,77","456.815.963,68",02,2019,2019-04-20
abril 2019,AMORTIZAÇÃO DA DÍVIDA/REFINANCIAMENTO (XI),"0,00","0,00","0,00","0,00","0,00","0,00","0,00","0,00","0,00",02,2019,2019-04-20
abril 2019,Amortização da Dívida Interna,"0,00","0,00","0,00","0,00","0,00","0,00","0,00","0,00","0,00",02,2019,2019-04-20
abril 2019,Dívida Mobiliária,,,,,,,,,,02,2019,2019-04-20
abril 2019,Outras Dívidas,,,,,,,,,,02,2019,2019-04-20
abril 2019,Amortização da Dívida Externa,"0,00","0,00","0,00","0,00","0,00","0,00","0,00","0,00","0,00",02,2019,2019-04-20
abril 2019,Dívida Mobiliária,,,,,,,,,,02,2019,2019-04-20
abril 2019,Outras Dívidas,,,,,,,,,,02,2019,2019-04-20
abril 2019,SUBTOTAL COM REFINANCIAMENTO (XII) = (X + XI),"1.788.009.900,00","1.830.406.027,31","228.656.368,00","959.845.771,34","870.560.255,97","260.927.272,74","477.588.476,54","1.352.817.550,77","456.815.963,68",02,2019,2019-04-20
abril 2019,SUPERÁVIT (XIII),,,,,,,"126.482.641,30",,,02,2019,2019-04-20
abril 2019,TOTAL (XIV) = (XII + XIII),"1.788.009.900,00","1.830.406.027,31","228.656.368,00","959.845.771,34",,"260.927.272,74","604.071.117,84",,"456.815.963,68",02,2019,2019-04-20
abril 2019,RESERVA DO RPPS,,,,,,,,,,02,2019,2019-04-20
fevereiro 2019,DESPESAS (EXCETO INTRA-ORÇAMENTÁRIAS) (VIII),"1.750.166.500,00","1.759.691.396,52","724.610.730,73","724.610.730,73","1.035.080.665,79","211.140.215,21","211.140.215,21","1.548.551.181,31","188.518.127,25",01,2019,2019-02-20
fevereiro 2019,DESPESAS CORRENTES,"1.615.879.636,00","1.617.700.186,29","704.376.768,66","704.376.768,66","913.323.417,63","207.378.305,97","207.378.305,97","1.410.321.880,32","184.896.652,53",01,2019,2019-02-20
fevereiro 2019,PESSOAL E ENCARGOS SOCIAIS,"784.814.500,00","784.808.386,80","115.010.783,45","115.010.783,45","669.797.603,35","111.819.486,31","111.819.486,31","672.988.900,49","108.040.365,41",01,2019,2019-02-20
fevereiro 2019,JUROS E ENCARGOS DA DÍVIDA,"5.393.105,00","5.165.105,00","3.403.200,00","3.403.200,00","1.761.905,00","468.741,85","468.741,85","4.696.363,15","417.379,14",01,2019,2019-02-20
fevereiro 2019,OUTRAS DESPESAS CORRENTES,"825.672.031,00","827.726.694,49","585.962.785,21","585.962.785,21","241.763.909,28","95.090.077,81","95.090.077,81","732.636.616,68","76.438.907,98",01,2019,2019-02-20
fevereiro 2019,DESPESAS DE CAPITAL,"96.422.864,00","104.127.210,23","20.233.962,07","20.233.962,07","83.893.248,16","3.761.909,24","3.761.909,24","100.365.300,99","3.621.474,72",01,2019,2019-02-20
fevereiro 2019,INVESTIMENTOS,"74.785.969,00","82.262.315,23","10.593.645,34","10.593.645,34","71.668.669,89","1.079.613,33","1.079.613,33","81.182.701,90","939.178,81",01,2019,2019-02-20
fevereiro 2019,INVERSÕES FINANCEIRAS,,,,,"0,00",,,,,01,2019,2019-02-20
fevereiro 2019,AMORTIZAÇÃO DA DÍVIDA,"21.636.895,00","21.864.895,00","9.640.316,73","9.640.316,73","12.224.578,27","2.682.295,91","2.682.295,91","19.182.599,09","2.682.295,91",01,2019,2019-02-20
fevereiro 2019,RESERVA DE CONTINGÊNCIA,"37.864.000,00","37.864.000,00",,,"37.864.000,00",,,"37.864.000,00",,01,2019,2019-02-20
fevereiro 2019,DESPESAS (INTRA-ORÇAMENTÁRIAS) (IX),"37.843.400,00","37.843.400,00","6.578.672,61","6.578.672,61","31.264.727,39","5.520.988,59","5.520.988,59","32.322.411,41","5.479.781,40",01,2019,2019-02-20
fevereiro 2019,SUBTOTAL DAS DESPESAS (X) = (VIII + IX),"1.788.009.900,00","1.797.534.796,52","731.189.403,34","731.189.403,34","1.066.345.393,18","216.661.203,80","216.661.203,80","1.580.873.592,72","193.997.908,65",01,2019,2019-02-20
fevereiro 2019,AMORTIZAÇÃO DA DÍVIDA/REFINANCIAMENTO (XI),"0,00","0,00","0,00","0,00",,"0,00","0,00","0,00","0,00",01,2019,2019-02-20
fevereiro 2019,Amortização da Dívida Interna,"0,00","0,00","0,00","0,00",,"0,00","0,00","0,00","0,00",01,2019,2019-02-20
fevereiro 2019,Dívida Mobiliária,,,,,,,,,,01,2019,2019-02-20
fevereiro 2019,Outras Dívidas,,,,,,,,,,01,2019,2019-02-20
fevereiro 2019,Amortização da Dívida Externa,"0,00","0,00","0,00","0,00","0,00","0,00","0,00","0,00","0,00",01,2019,2019-02-20
fevereiro 2019,Dívida Mobiliária,,,,,,,,,,01,2019,2019-02-20
fevereiro 2019,Outras Dívidas,,,,,,,,,,01,2019,2019-02-20
fevereiro 2019,SUBTOTAL COM REFINANCIAMENTO (XII) = (X + XI),"1.788.009.900,00","1.797.534.796,52","731.189.403,34","731.189.403,34","1.066.345.393,18","216.661.203,80","216.661.203,80","1.580.873.592,72","193.997.908,65",01,2019,2019-02-20
fevereiro 2019,SUPERÁVIT (XIII),,,,,,,,,,01,2019,2019-02-20
fevereiro 2019,TOTAL (XIV) = (XII + XIII),"1.788.009.900,00","1.797.534.796,52","731.189.403,34","731.189.403,34",,"216.661.203,80","216.661.203,80",,"193.997.908,65",01,2019,2019-02-20
fevereiro 2019,RESERVA DO RPPS,,,,,,,,,,01,2019,2019-02-20
outubro 2020,DESPESAS (EXCETO INTRA-ORÇAMENTÁRIAS) (VIII),"1.794.527.200,00","1.907.132.894,70","162.576.006,77","1.503.065.156,49","404.067.738,21","263.699.890,38","1.288.464.377,88","618.668.516,82","1.266.423.072,08",05,2020,2020-10-20
outubro 2020,DESPESAS CORRENTES,"1.701.385.632,00","1.781.315.160,13","145.025.776,13","1.437.708.381,44","343.606.778,69","255.233.703,89","1.249.704.707,00","531.610.453,13","1.227.888.741,28",05,2020,2020-10-20
outubro 2020,PESSOAL E ENCARGOS SOCIAIS,"840.715.600,00","851.194.120,73","119.517.708,88","626.088.511,19","225.105.609,54","132.106.564,74","624.266.155,40","226.927.965,33","617.140.130,24",05,2020,2020-10-20
outubro 2020,JUROS E ENCARGOS DA DÍVIDA,"5.500.000,00","5.200.000,00","182.000,00","5.182.874,20","17.125,80","964.347,90","4.449.134,04","750.865,96","4.402.046,21",05,2020,2020-10-20
outubro 2020,OUTRAS DESPESAS CORRENTES,"855.170.032,00","924.921.039,40","25.326.067,25","806.436.996,05","118.484.043,35","122.162.791,25","620.989.417,56","303.931.621,84","606.346.564,83",05,2020,2020-10-20
outubro 2020,DESPESAS DE CAPITAL,"87.891.568,00","120.567.734,57","17.550.230,64","65.356.775,05","55.210.959,52","8.466.186,49","38.759.670,88","81.808.063,69","38.534.330,80",05,2020,2020-10-20
outubro 2020,INVESTIMENTOS,"71.741.568,00","104.081.734,57","14.599.061,38","49.492.526,35","54.589.208,22","5.300.167,04","25.262.864,21","78.818.870,36","25.037.524,13",05,2020,2020-10-20
outubro 2020,INVERSÕES FINANCEIRAS,,,,,,,,,,05,2020,2020-10-20
outubro 2020,AMORTIZAÇÃO DA DÍVIDA,"16.150.000,00","16.486.000,00","2.951.169,26","15.864.248,70","621.751,30","3.166.019,45","13.496.806,67","2.989.193,33","13.496.806,67",05,2020,2020-10-20
outubro 2020,RESERVA DE CONTINGÊNCIA,"5.250.000,00","5.250.000,00",,,"5.250.000,00",,,"5.250.000,00",,05,2020,2020-10-20
outubro 2020,DESPESAS (INTRA-ORÇAMENTÁRIAS) (IX),"36.380.800,00","41.334.072,02","5.644.543,85","29.411.473,14","11.922.598,88","5.904.096,36","29.217.758,59","12.116.313,43","29.217.758,59",05,2020,2020-10-20
outubro 2020,SUBTOTAL DAS DESPESAS (X) = (VIII + IX),"1.830.908.000,00","1.948.466.966,72","168.220.550,62","1.532.476.629,63","415.990.337,09","269.603.986,74","1.317.682.136,47","630.784.830,25","1.295.640.830,67",05,2020,2020-10-20
outubro 2020,AMORTIZAÇÃO DA DÍVIDA / REFINANCIAMENTO (XI),,,,,,,,,,05,2020,2020-10-20
outubro 2020,Amortização da Dívida Interna,,,,,,,,,,05,2020,2020-10-20
outubro 2020,Dívida Mobiliária,,,,,,,,,,05,2020,2020-10-20
outubro 2020,Dívida Contratual,,,,,,,,,,05,2020,2020-10-20
outubro 2020,Amortização da Dívida Externa,,,,,,,,,,05,2020,2020-10-20
outubro 2020,Dívida Mobiliária,,,,,,,,,,05,2020,2020-10-20
outubro 2020,Dívida Contratual,,,,,,,,,,05,2020,2020-10-20
outubro 2020,TOTAL DAS DESPESAS (XII) = (X + XI),"1.830.908.000,00","1.948.466.966,72","168.220.550,62","1.532.476.629,63","415.990.337,09","269.603.986,74","1.317.682.136,47","630.784.830,25","1.295.640.830,67",05,2020,2020-10-20
outubro 2020,SUPERÁVIT (XIII),,,,,,,"190.070.011,38",,"212.111.317,18",05,2020,2020-10-20
outubro 2020,TOTAL COM SUPERÁVIT (XIV) = (XII + XIII),"1.830.908.000,00","1.948.466.966,72","168.220.550,62","1.532.476.629,63",,"269.603.986,74","1.507.752.147,85",,"1.507.752.147,85",05,2020,2020-10-20
outubro 2020,RESERVA DO RPPS,"18.200.000,00","18.200.000,00",,,"18.200.000,00",,,"18.200.000,00",,05,2020,2020-10-20
agosto 2020,DESPESAS (EXCETO INTRA-ORÇAMENTÁRIAS) (VIII),"1.794.527.200,00","1.898.791.726,92","146.349.248,13","1.340.489.149,72","558.302.577,20","244.366.819,26","1.024.764.487,50","874.027.239,42","998.372.826,77",04,2020,2020-08-20
agosto 2020,DESPESAS CORRENTES,"1.701.385.632,00","1.771.358.085,77","139.510.023,66","1.292.682.605,31","478.675.480,46","235.683.033,72","994.471.003,11","776.887.082,66","968.534.579,34",04,2020,2020-08-20
agosto 2020,PESSOAL E ENCARGOS SOCIAIS,"840.715.600,00","849.220.120,73","118.901.688,06","506.570.802,31","342.649.318,42","109.183.859,20","492.159.590,66","357.060.530,07","487.234.793,76",04,2020,2020-08-20
agosto 2020,JUROS E ENCARGOS DA DÍVIDA,"5.500.000,00","5.300.000,00","-499.125,80","5.000.874,20","299.125,80","471.654,14","3.484.786,14","1.815.213,86","3.484.786,14",04,2020,2020-08-20
agosto 2020,OUTRAS DESPESAS CORRENTES,"855.170.032,00","916.837.965,04","21.107.461,40","781.110.928,80","135.727.036,24","126.027.520,38","498.826.626,31","418.011.338,73","477.814.999,44",04,2020,2020-08-20
agosto 2020,DESPESAS DE CAPITAL,"87.891.568,00","122.183.641,15","6.839.224,47","47.806.544,41","74.377.096,74","8.683.785,54","30.293.484,39","91.890.156,76","29.838.247,43",04,2020,2020-08-20
agosto 2020,INVESTIMENTOS,"71.741.568,00","105.283.641,15","7.486.529,77","34.893.464,97","70.390.176,18","6.935.144,38","19.962.697,17","85.320.943,98","19.507.460,21",04,2020,2020-08-20
agosto 2020,INVERSÕES FINANCEIRAS,,,,,,,,,,04,2020,2020-08-20
agosto 2020,AMORTIZAÇÃO DA DÍVIDA,"16.150.000,00","16.900.000,00","-647.305,30","12.913.079,44","3.986.920,56","1.748.641,16","10.330.787,22","6.569.212,78","10.330.787,22",04,2020,2020-08-20
agosto 2020,RESERVA DE CONTINGÊNCIA,"5.250.000,00","5.250.000,00",,,"5.250.000,00",,,"5.250.000,00",,04,2020,2020-08-20
agosto 2020,DESPESAS (INTRA-ORÇAMENTÁRIAS) (IX),"36.380.800,00","40.761.472,02","5.625.848,88","23.766.929,29","16.994.542,73","5.883.400,14","23.313.662,23","17.447.809,79","23.313.662,23",04,2020,2020-08-20
agosto 2020,SUBTOTAL DAS DESPESAS (X) = (VIII + IX),"1.830.908.000,00","1.939.553.198,94","151.975.097,01","1.364.256.079,01","575.297.119,93","250.250.219,40","1.048.078.149,73","891.475.049,21","1.021.686.489,00",04,2020,2020-08-20
agosto 2020,AMORTIZAÇÃO DA DÍVIDA / REFINANCIAMENTO (XI),,,,,,,,,,04,2020,2020-08-20
agosto 2020,Amortização da Dívida Interna,,,,,,,,,,04,2020,2020-08-20
agosto 2020,Dívida Mobiliária,,,,,,,,,,04,2020,2020-08-20
agosto 2020,Dívida Contratual,,,,,,,,,,04,2020,2020-08-20
agosto 2020,Amortização da Dívida Externa,,,,,,,,,,04,2020,2020-08-20
agosto 2020,Dívida Mobiliária,,,,,,,,,,04,2020,2020-08-20
agosto 2020,Dívida Contratual,,,,,,,,,,04,2020,2020-08-20
agosto 2020,TOTAL DAS DESPESAS (XII) = (X + XI),"1.830.908.000,00","1.939.553.198,94","151.975.097,01","1.364.256.079,01","575.297.119,93","250.250.219,40","1.048.078.149,73","891.475.049,21","1.021.686.489,00",04,2020,2020-08-20
agosto 2020,SUPERÁVIT (XIII),,,,,,,"164.119.150,64",,"190.510.811,37",04,2020,2020-08-20
agosto 2020,TOTAL COM SUPERÁVIT (XIV) = (XII + XIII),"1.830.908.000,00","1.939.553.198,94","151.975.097,01","1.364.256.079,01",,"250.250.219,40","1.212.197.300,37",,"1.212.197.300,37",04,2020,2020-08-20
agosto 2020,RESERVA DO RPPS,"18.200.000,00","18.200.000,00",,,"18.200.000,00",,,"18.200.000,00",,04,2020,2020-08-20
junho 2020,DESPESAS (EXCETO INTRA-ORÇAMENTÁRIAS) (VIII),"1.794.527.200,00","1.873.088.300,57","183.660.143,37","1.194.139.901,59","678.948.398,98","280.144.389,93","780.397.668,24","1.092.690.632,33","736.888.129,92",03,2020,2020-06-20
junho 2020,DESPESAS CORRENTES,"1.701.385.632,00","1.749.684.666,48","174.813.745,03","1.153.172.581,65","596.512.084,83","271.291.986,73","758.787.969,39","990.896.697,09","715.982.014,61",03,2020,2020-06-20
junho 2020,PESSOAL E ENCARGOS SOCIAIS,"840.715.600,00","846.730.120,73","139.661.087,80","387.669.114,25","459.061.006,48","140.096.443,59","382.975.731,46","463.754.389,27","361.287.095,07",03,2020,2020-06-20
junho 2020,JUROS E ENCARGOS DA DÍVIDA,"5.500.000,00","5.500.000,00","0,00","5.500.000,00","0,00","514.435,47","3.013.132,00","2.486.868,00","3.013.132,00",03,2020,2020-06-20
junho 2020,OUTRAS DESPESAS CORRENTES,"855.170.032,00","897.454.545,75","35.152.657,23","760.003.467,40","137.451.078,35","130.681.107,67","372.799.105,93","524.655.439,82","351.681.787,54",03,2020,2020-06-20
junho 2020,DESPESAS DE CAPITAL,"87.891.568,00","118.153.634,09","8.846.398,34","40.967.319,94","77.186.314,15","8.852.403,20","21.609.698,85","96.543.935,24","20.906.115,31",03,2020,2020-06-20
junho 2020,INVESTIMENTOS,"71.741.568,00","102.003.634,09","7.614.137,94","27.406.935,20","74.596.698,89","6.744.826,73","13.027.552,79","88.976.081,30","12.323.969,25",03,2020,2020-06-20
junho 2020,INVERSÕES FINANCEIRAS,,,,,,,,,,03,2020,2020-06-20
junho 2020,AMORTIZAÇÃO DA DÍVIDA,"16.150.000,00","16.150.000,00","1.232.260,40","13.560.384,74","2.589.615,26","2.107.576,47","8.582.146,06","7.567.853,94","8.582.146,06",03,2020,2020-06-20
junho 2020,RESERVA DE CONTINGÊNCIA,"5.250.000,00","5.250.000,00",,,"5.250.000,00",,,"5.250.000,00",,03,2020,2020-06-20
junho 2020,DESPESAS (INTRA-ORÇAMENTÁRIAS) (IX),"36.380.800,00","36.406.800,00","5.614.492,73","18.141.080,41","18.265.719,59","5.869.249,01","17.430.262,09","18.976.537,91","17.430.262,09",03,2020,2020-06-20
junho 2020,SUBTOTAL DAS DESPESAS (X) = (VIII + IX),"1.830.908.000,00","1.909.495.100,57","189.274.636,10","1.212.280.982,00","697.214.118,57","286.013.638,94","797.827.930,33","1.111.667.170,24","754.318.392,01",03,2020,2020-06-20
junho 2020,AMORTIZAÇÃO DA DÍVIDA / REFINANCIAMENTO (XI),,,,,,,,,,03,2020,2020-06-20
junho 2020,Amortização da Dívida Interna,,,,,,,,,,03,2020,2020-06-20
junho 2020,Dívida Mobiliária,,,,,,,,,,03,2020,2020-06-20
junho 2020,Dívida Contratual,,,,,,,,,,03,2020,2020-06-20
junho 2020,Amortização da Dívida Externa,,,,,,,,,,03,2020,2020-06-20
junho 2020,Dívida Mobiliária,,,,,,,,,,03,2020,2020-06-20
junho 2020,Dívida Contratual,,,,,,,,,,03,2020,2020-06-20
junho 2020,TOTAL DAS DESPESAS (XII) = (X + XI),"1.830.908.000,00","1.909.495.100,57","189.274.636,10","1.212.280.982,00","697.214.118,57","286.013.638,94","797.827.930,33","1.111.667.170,24","754.318.392,01",03,2020,2020-06-20
junho 2020,SUPERÁVIT (XIII),,,,,,,"110.303.504,83",,"153.813.043,15",03,2020,2020-06-20
junho 2020,TOTAL COM SUPERÁVIT (XIV) = (XII + XIII),"1.830.908.000,00","1.909.495.100,57","189.274.636,10","1.212.280.982,00",,"286.013.638,94","908.131.435,16",,"908.131.435,16",03,2020,2020-06-20
junho 2020,RESERVA DO RPPS,"18.200.000,00","18.200.000,00",,,"18.200.000,00",,,"18.200.000,00",,03,2020,2020-06-20
abril 2020,DESPESAS (EXCETO INTRA-ORÇAMENTÁRIAS) (VIII),"1.794.527.200,00","1.854.647.512,06","218.735.638,65","1.010.479.758,22","844.167.753,84","266.617.382,15","500.253.278,31","1.354.394.233,75","465.919.631,01",02,2020,2020-04-20
abril 2020,DESPESAS CORRENTES,"1.701.385.632,00","1.740.006.018,17","213.102.557,68","978.358.836,62","761.647.181,55","258.163.534,19","487.495.982,66","1.252.510.035,51","453.652.900,27",02,2020,2020-04-20
abril 2020,PESSOAL E ENCARGOS SOCIAIS,"840.715.600,00","848.772.948,87","121.775.741,40","248.008.026,45","600.764.922,42","123.066.547,77","242.879.287,87","605.893.661,00","231.020.742,46",02,2020,2020-04-20
abril 2020,JUROS E ENCARGOS DA DÍVIDA,"5.500.000,00","5.500.000,00","0,00","5.500.000,00","0,00","1.309.543,98","2.498.696,53","3.001.303,47","2.457.168,66",02,2020,2020-04-20
abril 2020,OUTRAS DESPESAS CORRENTES,"855.170.032,00","885.733.069,30","91.326.816,28","724.850.810,17","160.882.259,13","133.787.442,44","242.117.998,26","643.615.071,04","220.174.989,15",02,2020,2020-04-20
abril 2020,DESPESAS DE CAPITAL,"87.891.568,00","109.391.493,89","5.633.080,97","32.120.921,60","77.270.572,29","8.453.847,96","12.757.295,65","96.634.198,24","12.266.730,74",02,2020,2020-04-20
abril 2020,INVESTIMENTOS,"71.741.568,00","93.241.493,89","3.027.561,28","19.792.797,26","73.448.696,63","4.451.383,66","6.282.726,06","86.958.767,83","5.792.161,15",02,2020,2020-04-20
abril 2020,INVERSÕES FINANCEIRAS,,,,,,,,,,02,2020,2020-04-20
abril 2020,AMORTIZAÇÃO DA DÍVIDA,"16.150.000,00","16.150.000,00","2.605.519,69","12.328.124,34","3.821.875,66","4.002.464,30","6.474.569,59","9.675.430,41","6.474.569,59",02,2020,2020-04-20
abril 2020,RESERVA DE CONTINGÊNCIA,"5.250.000,00","5.250.000,00",,,"5.250.000,00",,,"5.250.000,00",,02,2020,2020-04-20
abril 2020,DESPESAS (INTRA-ORÇAMENTÁRIAS) (IX),"36.380.800,00","36.006.800,00","5.621.137,48","12.526.587,68","23.480.212,32","5.864.445,30","11.561.013,08","24.445.786,92","11.561.013,08",02,2020,2020-04-20
abril 2020,SUBTOTAL DAS DESPESAS (X) = (VIII + IX),"1.830.908.000,00","1.890.654.312,06","224.356.776,13","1.023.006.345,90","867.647.966,16","272.481.827,45","511.814.291,39","1.378.840.020,67","477.480.644,09",02,2020,2020-04-20
abril 2020,AMORTIZAÇÃO DA DÍVIDA / REFINANCIAMENTO (XI),,,,,,,,,,02,2020,2020-04-20
abril 2020,Amortização da Dívida Interna,,,,,,,,,,02,2020,2020-04-20
abril 2020,Dívida Mobiliária,,,,,,,,,,02,2020,2020-04-20
abril 2020,Dívida Contratual,,,,,,,,,,02,2020,2020-04-20
abril 2020,Amortização da Dívida Externa,,,,,,,,,,02,2020,2020-04-20
abril 2020,Dívida Mobiliária,,,,,,,,,,02,2020,2020-04-20
abril 2020,Dívida Contratual,,,,,,,,,,02,2020,2020-04-20
abril 2020,TOTAL DAS DESPESAS (XII) = (X + XI),"1.830.908.000,00","1.890.654.312,06","224.356.776,13","1.023.006.345,90","867.647.966,16","272.481.827,45","511.814.291,39","1.378.840.020,67","477.480.644,09",02,2020,2020-04-20
abril 2020,SUPERÁVIT (XIII),,,,,,,"126.998.292,13",,"161.331.939,43",02,2020,2020-04-20
abril 2020,TOTAL COM SUPERÁVIT (XIV) = (XII + XIII),"1.830.908.000,00","1.890.654.312,06","224.356.776,13","1.023.006.345,90",,"272.481.827,45","638.812.583,52",,"638.812.583,52",02,2020,2020-04-20
abril 2020,RESERVA DO RPPS,"18.200.000,00","18.200.000,00",,,"18.200.000,00",,,"18.200.000,00",,02,2020,2020-04-20
fevereiro 2020,DESPESAS (EXCETO INTRA-ORÇAMENTÁRIAS) (VIII),"1.794.527.200,00","1.823.629.546,53","791.744.119,57","791.744.119,57","1.031.885.426,96","233.635.896,16","233.635.896,16","1.589.993.650,37","208.952.802,53",01,2020,2020-02-20
fevereiro 2020,DESPESAS CORRENTES,"1.701.385.632,00","1.709.286.705,07","765.256.278,94","765.256.278,94","944.030.426,13","229.332.448,47","229.332.448,47","1.479.954.256,60","204.728.792,36",01,2020,2020-02-20
fevereiro 2020,PESSOAL E ENCARGOS SOCIAIS,"840.715.600,00","840.413.850,00","126.232.285,05","126.232.285,05","714.181.564,95","119.812.740,10","119.812.740,10","720.601.109,90","115.970.579,98",01,2020,2020-02-20
fevereiro 2020,JUROS E ENCARGOS DA DÍVIDA,"5.500.000,00","5.500.000,00","5.500.000,00","5.500.000,00","0,00","1.189.152,55","1.189.152,55","4.310.847,45","1.189.152,55",01,2020,2020-02-20
fevereiro 2020,OUTRAS DESPESAS CORRENTES,"855.170.032,00","863.372.855,07","633.523.993,89","633.523.993,89","229.848.861,18","108.330.555,82","108.330.555,82","755.042.299,25","87.569.059,83",01,2020,2020-02-20
fevereiro 2020,DESPESAS DE CAPITAL,"87.891.568,00","109.092.841,46","26.487.840,63","26.487.840,63","82.605.000,83","4.303.447,69","4.303.447,69","104.789.393,77","4.224.010,17",01,2020,2020-02-20
fevereiro 2020,INVESTIMENTOS,"71.741.568,00","92.942.841,46","16.765.235,98","16.765.235,98","76.177.605,48","1.831.342,40","1.831.342,40","91.111.499,06","1.751.904,88",01,2020,2020-02-20
fevereiro 2020,INVERSÕES FINANCEIRAS,,,,,,,,,,01,2020,2020-02-20
fevereiro 2020,AMORTIZAÇÃO DA DÍVIDA,"16.150.000,00","16.150.000,00","9.722.604,65","9.722.604,65","6.427.395,35","2.472.105,29","2.472.105,29","13.677.894,71","2.472.105,29",01,2020,2020-02-20
fevereiro 2020,RESERVA DE CONTINGÊNCIA,"5.250.000,00","5.250.000,00",,,"5.250.000,00",,,"5.250.000,00",,01,2020,2020-02-20
fevereiro 2020,DESPESAS (INTRA-ORÇAMENTÁRIAS) (IX),"36.380.800,00","36.380.800,00","6.905.450,20","6.905.450,20","29.475.349,80","5.696.567,78","5.696.567,78","30.684.232,22","5.696.567,78",01,2020,2020-02-20
fevereiro 2020,SUBTOTAL DAS DESPESAS (X) = (VIII + IX),"1.830.908.000,00","1.860.010.346,53","798.649.569,77","798.649.569,77","1.061.360.776,76","239.332.463,94","239.332.463,94","1.620.677.882,59","214.649.370,31",01,2020,2020-02-20
fevereiro 2020,AMORTIZAÇÃO DA DÍVIDA / REFINANCIAMENTO (XI),,,,,,,,,,01,2020,2020-02-20
fevereiro 2020,Amortização da Dívida Interna,,,,,,,,,,01,2020,2020-02-20
fevereiro 2020,Dívida Mobiliária,,,,,,,,,,01,2020,2020-02-20
fevereiro 2020,Dívida Contratual,,,,,,,,,,01,2020,2020-02-20
fevereiro 2020,Amortização da Dívida Externa,,,,,,,,,,01,2020,2020-02-20
fevereiro 2020,Dívida Mobiliária,,,,,,,,,,01,2020,2020-02-20
fevereiro 2020,Dívida Contratual,,,,,,,,,,01,2020,2020-02-20
fevereiro 2020,TOTAL DAS DESPESAS (XII) = (X + XI),"1.830.908.000,00","1.860.010.346,53","798.649.569,77","798.649.569,77","1.061.360.776,76","239.332.463,94","239.332.463,94","1.620.677.882,59","214.649.370,31",01,2020,2020-02-20
fevereiro 2020,SUPERÁVIT (XIII),,,,,,,"67.610.575,29",,"92.293.668,92",01,2020,2020-02-20
fevereiro 2020,TOTAL COM SUPERÁVIT (XIV) = (XII + XIII),"1.830.908.000,00","1.860.010.346,53","798.649.569,77","798.649.569,77",,"239.332.463,94","306.943.039,23",,"306.943.039,23",01,2020,2020-02-20
fevereiro 2020,RESERVA DO RPPS,"18.200.000,00","18.200.000,00",,,"18.200.000,00",,,"18.200.000,00",,01,2020,2020-02-20
