,Data,Homens,Mulheres,Total Casos Confirmados,Total Casos Descartados,Total Casos Recuperados,Total Casos Suspeitos,Total Casos em Tratamento,Total Óbitos,Óbitos Diários,Casos Diários,Média Móvel Casos,Média Móvel Óbitos,Média Móvel Tratamento,Média Móvel Suspeitos
0,23/04/2020,5.0,7.0,62.0,223.0,38.0,176.0,21.0,3.0,,,,,,
1,24/04/2020,3.0,5.0,70.0,227.0,39.0,180.0,,4.0,1.0,8.0,,,,
2,25/04/2020,3.0,7.0,80.0,239.0,42.0,181.0,,5.0,1.0,10.0,,,,
3,26/04/2020,2.0,1.0,83.0,256.0,42.0,164.0,,5.0,0.0,3.0,,,,
4,28/04/2020,3.0,4.0,97.0,287.0,44.0,176.0,,10.0,5.0,14.0,,,,
5,29/04/2020,3.0,15.0,115.0,289.0,45.0,191.0,60.0,10.0,0.0,18.0,,,,
6,30/04/2020,1.0,2.0,118.0,296.0,51.0,195.0,57.0,10.0,0.0,3.0,,,,180.42857142857142
7,01/05/2020,2.0,12.0,132.0,310.0,61.0,211.0,60.0,11.0,1.0,14.0,10.0,1.1428571428571428,,185.42857142857142
8,02/05/2020,2.0,1.0,135.0,337.0,61.0,202.0,63.0,11.0,0.0,3.0,9.285714285714286,1.0,,188.57142857142858
9,03/05/2020,2.0,3.0,140.0,377.0,61.0,176.0,68.0,11.0,0.0,5.0,8.571428571428571,0.8571428571428571,,187.85714285714286
10,04/05/2020,5.0,7.0,152.0,386.0,63.0,169.0,76.0,13.0,2.0,12.0,9.857142857142858,1.1428571428571428,,188.57142857142858
11,05/05/2020,6.0,5.0,163.0,426.0,65.0,146.0,85.0,13.0,0.0,11.0,9.428571428571429,0.42857142857142855,67.0,184.28571428571428
12,06/05/2020,9.0,9.0,181.0,457.0,67.0,147.0,101.0,13.0,0.0,18.0,9.428571428571429,0.42857142857142855,72.85714285714286,178.0
13,07/05/2020,0.0,0.0,181.0,486.0,73.0,160.0,94.0,14.0,1.0,0.0,9.0,0.5714285714285714,78.14285714285714,173.0
14,08/05/2020,8.0,6.0,195.0,517.0,88.0,160.0,93.0,14.0,0.0,14.0,9.0,0.42857142857142855,82.85714285714286,165.71428571428572
15,09/05/2020,3.0,4.0,202.0,526.0,91.0,156.0,96.0,14.0,0.0,7.0,9.571428571428571,0.42857142857142855,87.57142857142857,159.14285714285714
16,10/05/2020,5.0,7.0,214.0,560.0,91.0,157.0,109.0,14.0,0.0,12.0,10.571428571428571,0.42857142857142855,93.42857142857143,156.42857142857142
17,11/05/2020,1.0,1.0,216.0,564.0,98.0,154.0,103.0,15.0,1.0,2.0,9.142857142857142,0.2857142857142857,97.28571428571429,154.28571428571428
18,12/05/2020,3.0,2.0,221.0,589.0,117.0,148.0,88.0,16.0,1.0,5.0,8.285714285714286,0.42857142857142855,97.71428571428571,154.57142857142858
19,13/05/2020,9.0,13.0,243.0,690.0,128.0,136.0,98.0,17.0,1.0,22.0,8.857142857142858,0.5714285714285714,97.28571428571429,153.0
20,14/05/2020,6.0,9.0,258.0,710.0,147.0,133.0,94.0,17.0,0.0,15.0,11.0,0.42857142857142855,97.28571428571429,149.14285714285714
21,15/05/2020,2.0,4.0,264.0,758.0,156.0,124.0,91.0,17.0,0.0,6.0,9.857142857142858,0.42857142857142855,97.0,144.0
22,16/05/2020,4.0,5.0,273.0,758.0,166.0,99.0,90.0,17.0,0.0,9.0,10.142857142857142,0.42857142857142855,96.14285714285714,135.85714285714286
23,17/05/2020,0.0,0.0,273.0,808.0,166.0,110.0,84.0,17.0,0.0,0.0,8.428571428571429,0.42857142857142855,92.57142857142857,129.14285714285714
24,18/05/2020,7.0,17.0,297.0,815.0,182.0,119.0,98.0,17.0,0.0,24.0,11.571428571428571,0.2857142857142857,91.85714285714286,124.14285714285714
25,19/05/2020,15.0,12.0,324.0,841.0,183.0,89.0,122.0,19.0,2.0,27.0,14.714285714285714,0.42857142857142855,96.71428571428571,115.71428571428571
26,20/05/2020,6.0,5.0,335.0,855.0,190.0,132.0,126.0,19.0,0.0,11.0,13.142857142857142,0.2857142857142857,100.71428571428571,115.14285714285714
27,21/05/2020,4.0,15.0,354.0,870.0,196.0,117.0,138.0,20.0,1.0,19.0,13.714285714285714,0.42857142857142855,107.0,112.85714285714286
28,22/05/2020,11.0,27.0,392.0,895.0,207.0,119.0,163.0,22.0,2.0,38.0,18.285714285714285,0.7142857142857143,117.28571428571429,112.14285714285714
29,23/05/2020,18.0,28.0,438.0,929.0,242.0,81.0,174.0,22.0,0.0,46.0,23.571428571428573,0.7142857142857143,129.28571428571428,109.57142857142857
30,24/05/2020,9.0,21.0,468.0,938.0,246.0,82.0,200.0,22.0,0.0,30.0,27.857142857142858,0.7142857142857143,145.85714285714286,105.57142857142857
31,25/05/2020,5.0,6.0,479.0,961.0,261.0,82.0,196.0,22.0,0.0,11.0,26.0,0.7142857142857143,159.85714285714286,100.28571428571429
32,26/05/2020,1.0,11.0,491.0,964.0,274.0,76.0,195.0,23.0,1.0,12.0,23.857142857142858,0.5714285714285714,170.28571428571428,98.42857142857143
33,27/05/2020,2.0,5.0,498.0,997.0,279.0,100.0,195.0,24.0,1.0,7.0,23.285714285714285,0.7142857142857143,180.14285714285714,93.85714285714286
34,28/05/2020,9.0,5.0,512.0,1009.0,308.0,105.0,179.0,25.0,1.0,14.0,22.571428571428573,0.7142857142857143,186.0,92.14285714285714
35,29/05/2020,12.0,9.0,534.0,1051.0,317.0,115.0,191.0,26.0,1.0,22.0,20.285714285714285,0.5714285714285714,190.0,91.57142857142857
36,30/05/2020,10.0,5.0,549.0,1534.0,337.0,158.0,196.0,29.0,3.0,15.0,15.857142857142858,1.0,193.14285714285714,102.57142857142857
37,31/05/2020,8.0,7.0,564.0,1534.0,333.0,181.0,202.0,29.0,0.0,15.0,13.714285714285714,1.0,193.42857142857142,116.71428571428571
38,01/06/2020,34.0,42.0,640.0,1536.0,363.0,230.0,248.0,29.0,0.0,76.0,23.0,1.0,200.85714285714286,137.85714285714286
39,02/06/2020,7.0,18.0,665.0,1722.0,397.0,280.0,234.0,34.0,5.0,25.0,24.857142857142858,1.5714285714285714,206.42857142857142,167.0
40,03/06/2020,18.0,14.0,697.0,1759.0,421.0,283.0,238.0,38.0,4.0,32.0,28.428571428571427,2.0,212.57142857142858,193.14285714285714
41,04/06/2020,6.0,8.0,711.0,1772.0,473.0,261.0,199.0,39.0,1.0,14.0,28.428571428571427,2.0,215.42857142857142,215.42857142857142
42,05/06/2020,13.0,54.0,778.0,1840.0,499.0,300.0,240.0,40.0,1.0,67.0,34.857142857142854,2.0,222.42857142857142,241.85714285714286
43,06/06/2020,65.0,48.0,891.0,1863.0,544.0,281.0,307.0,40.0,0.0,113.0,48.857142857142854,1.5714285714285714,238.28571428571428,259.42857142857144
44,07/06/2020,2.0,37.0,930.0,1876.0,558.0,270.0,332.0,40.0,0.0,39.0,52.285714285714285,1.5714285714285714,256.85714285714283,272.14285714285717
45,08/06/2020,52.0,62.0,1044.0,1880.0,576.0,331.0,428.0,40.0,0.0,114.0,57.714285714285715,1.5714285714285714,282.57142857142856,286.57142857142856
46,09/06/2020,16.0,14.0,1074.0,1881.0,594.0,346.0,437.0,43.0,3.0,30.0,58.42857142857143,1.2857142857142858,311.57142857142856,296.0
47,10/06/2020,16.0,13.0,1103.0,2007.0,622.0,286.0,438.0,43.0,0.0,29.0,58.0,0.7142857142857143,340.14285714285717,296.42857142857144
48,11/06/2020,52.0,34.0,1189.0,2043.0,651.0,304.0,492.0,46.0,3.0,86.0,68.28571428571429,1.0,382.0,302.57142857142856
49,12/06/2020,33.0,27.0,1249.0,2057.0,675.0,370.0,528.0,48.0,2.0,60.0,67.28571428571429,1.1428571428571428,423.14285714285717,312.57142857142856
50,13/06/2020,19.0,26.0,1294.0,2061.0,698.0,376.0,548.0,48.0,0.0,45.0,57.57142857142857,1.1428571428571428,457.57142857142856,326.14285714285717
51,14/06/2020,8.0,11.0,1313.0,2070.0,743.0,377.0,519.0,51.0,3.0,19.0,54.714285714285715,1.5714285714285714,484.2857142857143,341.42857142857144
52,15/06/2020,32.0,32.0,1377.0,2078.0,783.0,373.0,541.0,53.0,2.0,64.0,47.57142857142857,1.8571428571428572,500.42857142857144,347.42857142857144
53,16/06/2020,28.0,36.0,1441.0,2115.0,901.0,658.0,482.0,58.0,5.0,64.0,52.42857142857143,2.142857142857143,506.85714285714283,392.0
54,17/06/2020,22.0,22.0,1485.0,2148.0,916.0,714.0,506.0,63.0,5.0,44.0,54.57142857142857,2.857142857142857,516.5714285714286,453.14285714285717
55,18/06/2020,24.0,24.0,1533.0,2792.0,946.0,800.0,521.0,66.0,3.0,48.0,49.142857142857146,2.857142857142857,520.7142857142857,524.0
56,19/06/2020,36.0,36.0,1605.0,2944.0,1056.0,826.0,482.0,67.0,1.0,72.0,50.857142857142854,2.7142857142857144,514.1428571428571,589.1428571428571
57,20/06/2020,36.0,36.0,1677.0,3077.0,1132.0,780.0,475.0,70.0,3.0,72.0,54.714285714285715,3.142857142857143,503.7142857142857,646.8571428571429
58,21/06/2020,54.0,45.0,1776.0,3117.0,1160.0,733.0,543.0,73.0,3.0,99.0,66.14285714285714,3.142857142857143,507.14285714285717,697.7142857142857
59,22/06/2020,57.0,54.0,1887.0,3218.0,1193.0,737.0,618.0,76.0,3.0,111.0,72.85714285714286,3.2857142857142856,518.1428571428571,749.7142857142857
60,23/06/2020,22.0,25.0,1934.0,3475.0,1290.0,718.0,564.0,80.0,4.0,47.0,70.42857142857143,3.142857142857143,529.8571428571429,758.2857142857143
61,24/06/2020,41.0,49.0,2024.0,3517.0,1341.0,678.0,602.0,80.0,0.0,90.0,77.0,2.4285714285714284,543.5714285714286,753.1428571428571
62,25/06/2020,25.0,25.0,2074.0,3558.0,1381.0,821.0,611.0,82.0,2.0,50.0,77.28571428571429,2.2857142857142856,556.4285714285714,756.1428571428571
63,26/06/2020,73.0,57.0,2204.0,3564.0,1501.0,826.0,619.0,84.0,2.0,130.0,85.57142857142857,2.4285714285714284,576.0,756.1428571428571
64,27/06/2020,62.0,90.0,2355.0,3782.0,1549.0,826.0,718.0,88.0,4.0,151.0,96.85714285714286,2.5714285714285716,610.7142857142857,762.7142857142857
65,28/06/2020,115.0,65.0,2535.0,4027.0,1586.0,803.0,860.0,89.0,1.0,180.0,108.42857142857143,2.2857142857142856,656.0,772.7142857142857
66,29/06/2020,92.0,90.0,2717.0,4144.0,1739.0,870.0,886.0,92.0,3.0,182.0,118.57142857142857,2.2857142857142856,694.2857142857143,791.7142857142857
67,30/06/2020,68.0,73.0,2858.0,4220.0,1761.0,816.0,1004.0,93.0,1.0,141.0,132.0,1.8571428571428572,757.1428571428571,805.7142857142857
68,01/07/2020,57.0,67.0,2982.0,4244.0,1834.0,885.0,1052.0,96.0,3.0,124.0,136.85714285714286,2.2857142857142856,821.4285714285714,835.2857142857143
69,02/07/2020,69.0,67.0,3118.0,4447.0,1892.0,992.0,1127.0,99.0,3.0,136.0,149.14285714285714,2.4285714285714284,895.1428571428571,859.7142857142857
70,03/07/2020,74.0,53.0,3245.0,4481.0,1943.0,1002.0,1201.0,101.0,2.0,127.0,148.71428571428572,2.4285714285714284,978.2857142857143,884.8571428571429
71,04/07/2020,64.0,80.0,3389.0,4560.0,2091.0,976.0,1197.0,101.0,0.0,144.0,147.71428571428572,1.8571428571428572,1046.7142857142858,906.2857142857143
72,05/07/2020,69.0,74.0,3532.0,4616.0,2120.0,959.0,1311.0,101.0,0.0,143.0,142.42857142857142,1.7142857142857142,1111.142857142857,928.5714285714286
73,06/07/2020,65.0,59.0,3656.0,4761.0,2327.0,938.0,1227.0,103.0,2.0,124.0,134.14285714285714,1.5714285714285714,1159.857142857143,938.2857142857143
74,07/07/2020,59.0,71.0,3786.0,4816.0,2376.0,930.0,1304.0,106.0,3.0,130.0,132.57142857142858,1.8571428571428572,1202.7142857142858,954.5714285714286
75,08/07/2020,64.0,71.0,3921.0,4876.0,2529.0,906.0,1281.0,111.0,5.0,135.0,134.14285714285714,2.142857142857143,1235.4285714285713,957.5714285714286
76,09/07/2020,69.0,69.0,4059.0,4978.0,2757.0,909.0,1188.0,114.0,3.0,138.0,134.42857142857142,2.142857142857143,1244.142857142857,945.7142857142857
77,10/07/2020,84.0,87.0,4230.0,5022.0,2866.0,970.0,1244.0,120.0,6.0,171.0,140.71428571428572,2.7142857142857144,1250.2857142857142,941.1428571428571
78,11/07/2020,74.0,81.0,4385.0,5152.0,2935.0,927.0,1327.0,123.0,3.0,155.0,142.28571428571428,3.142857142857143,1268.857142857143,934.1428571428571
79,12/07/2020,76.0,86.0,4547.0,5192.0,3161.0,906.0,1263.0,123.0,0.0,162.0,145.0,3.142857142857143,1262.0,926.5714285714286
80,13/07/2020,99.0,87.0,4733.0,5482.0,3267.0,952.0,1336.0,130.0,7.0,186.0,153.85714285714286,3.857142857142857,1277.5714285714287,928.5714285714286
81,14/07/2020,61.0,91.0,4885.0,5752.0,3297.0,977.0,1452.0,136.0,6.0,152.0,157.0,4.285714285714286,1298.7142857142858,935.2857142857143
82,15/07/2020,85.0,112.0,5082.0,5956.0,3431.0,937.0,1509.0,142.0,6.0,197.0,165.85714285714286,4.428571428571429,1331.2857142857142,939.7142857142857
83,16/07/2020,90.0,105.0,5277.0,6154.0,3549.0,906.0,1580.0,148.0,6.0,195.0,174.0,4.857142857142857,1387.2857142857142,939.2857142857143
84,17/07/2020,73.0,58.0,5408.0,6275.0,3559.0,993.0,1699.0,150.0,2.0,131.0,168.28571428571428,4.285714285714286,1452.2857142857142,942.5714285714286
85,18/07/2020,107.0,110.0,5625.0,6538.0,3663.0,913.0,1807.0,155.0,5.0,217.0,177.14285714285714,4.571428571428571,1520.857142857143,940.5714285714286
86,19/07/2020,106.0,92.0,5823.0,6709.0,3830.0,853.0,1834.0,159.0,4.0,198.0,182.28571428571428,5.142857142857143,1602.4285714285713,933.0
87,20/07/2020,76.0,67.0,5966.0,6878.0,4131.0,861.0,1675.0,160.0,1.0,143.0,176.14285714285714,4.285714285714286,1650.857142857143,920.0
88,21/07/2020,61.0,75.0,6102.0,7025.0,4579.0,980.0,1359.0,164.0,4.0,136.0,173.85714285714286,4.0,1637.5714285714287,920.4285714285714
89,22/07/2020,76.0,77.0,6255.0,7265.0,4627.0,933.0,1464.0,164.0,0.0,153.0,167.57142857142858,3.142857142857143,1631.142857142857,919.8571428571429
90,23/07/2020,85.0,97.0,6437.0,7417.0,4701.0,963.0,1568.0,168.0,4.0,182.0,165.71428571428572,2.857142857142857,1629.4285714285713,928.0
91,24/07/2020,72.0,89.0,6598.0,7625.0,4886.0,974.0,1540.0,172.0,4.0,161.0,170.0,3.142857142857143,1606.7142857142858,925.2857142857143
92,25/07/2020,77.0,93.0,6768.0,7717.0,5139.0,869.0,1453.0,176.0,4.0,170.0,163.28571428571428,3.0,1556.142857142857,919.0
93,26/07/2020,79.0,101.0,6948.0,7885.0,5372.0,837.0,1399.0,177.0,1.0,180.0,160.71428571428572,2.5714285714285716,1494.0,916.7142857142857
94,27/07/2020,94.0,99.0,7141.0,8137.0,5534.0,904.0,1428.0,179.0,2.0,193.0,167.85714285714286,2.7142857142857144,1458.7142857142858,922.8571428571429
95,28/07/2020,92.0,89.0,7322.0,8357.0,5567.0,1081.0,1569.0,186.0,7.0,181.0,174.28571428571428,3.142857142857143,1488.7142857142858,937.2857142857143
96,29/07/2020,87.0,111.0,7520.0,8596.0,5732.0,1013.0,1597.0,191.0,5.0,198.0,180.71428571428572,3.857142857142857,1507.7142857142858,948.7142857142857
97,30/07/2020,74.0,80.0,7674.0,8633.0,5884.0,1071.0,1593.0,197.0,6.0,154.0,176.71428571428572,4.142857142857143,1511.2857142857142,964.1428571428571
98,31/07/2020,68.0,92.0,7834.0,8838.0,6069.0,1041.0,1564.0,201.0,4.0,160.0,176.57142857142858,4.142857142857143,1514.7142857142858,973.7142857142857
99,01/08/2020,85.0,87.0,8006.0,8939.0,6159.0,984.0,1645.0,202.0,1.0,172.0,176.85714285714286,3.7142857142857144,1542.142857142857,990.1428571428571
100,02/08/2020,58.0,75.0,8133.0,8958.0,6339.0,871.0,1591.0,203.0,1.0,127.0,169.28571428571428,3.7142857142857144,1569.5714285714287,995.0
101,03/08/2020,46.0,71.0,8250.0,9030.0,6583.0,933.0,1459.0,208.0,5.0,117.0,158.42857142857142,4.142857142857143,1574.0,999.1428571428571
102,04/08/2020,74.0,78.0,8402.0,9194.0,6668.0,993.0,1522.0,212.0,4.0,152.0,154.28571428571428,3.7142857142857144,1567.2857142857142,986.5714285714286
103,05/08/2020,67.0,66.0,8535.0,9357.0,7026.0,1064.0,1294.0,215.0,3.0,133.0,145.0,3.4285714285714284,1524.0,993.8571428571429
104,06/08/2020,78.0,73.0,8686.0,9465.0,7087.0,1101.0,1381.0,218.0,3.0,151.0,144.57142857142858,3.0,1493.7142857142858,998.1428571428571
105,07/08/2020,75.0,75.0,8836.0,9772.0,7343.0,1126.0,1271.0,222.0,4.0,150.0,143.14285714285714,3.0,1451.857142857143,1010.2857142857143
106,08/08/2020,53.0,83.0,8972.0,10023.0,7433.0,1046.0,1312.0,227.0,5.0,136.0,138.0,3.5714285714285716,1404.2857142857142,1019.1428571428571
107,09/08/2020,59.0,79.0,9110.0,10184.0,7584.0,937.0,1297.0,229.0,2.0,138.0,139.57142857142858,3.7142857142857144,1362.2857142857142,1028.5714285714287
108,10/08/2020,59.0,66.0,9235.0,10469.0,7715.0,907.0,1286.0,234.0,5.0,125.0,140.71428571428572,3.7142857142857144,1337.5714285714287,1024.857142857143
109,11/08/2020,40.0,60.0,9335.0,10731.0,7826.0,1029.0,1274.0,235.0,1.0,100.0,133.28571428571428,3.2857142857142856,1302.142857142857,1030.0
110,12/08/2020,71.0,68.0,9474.0,10916.0,7941.0,1146.0,1294.0,239.0,4.0,139.0,134.14285714285714,3.4285714285714284,1302.142857142857,1041.7142857142858
111,13/08/2020,59.0,78.0,9611.0,11110.0,7962.0,1038.0,1406.0,243.0,4.0,137.0,132.14285714285714,3.5714285714285716,1305.7142857142858,1032.7142857142858
112,14/08/2020,85.0,96.0,9792.0,11497.0,7998.0,958.0,1550.0,244.0,1.0,181.0,136.57142857142858,3.142857142857143,1345.5714285714287,1008.7142857142857
113,15/08/2020,53.0,53.0,9898.0,11709.0,8146.0,895.0,1506.0,246.0,2.0,106.0,132.28571428571428,2.7142857142857144,1373.2857142857142,987.1428571428571
114,16/08/2020,67.0,56.0,10021.0,11827.0,8442.0,873.0,1333.0,246.0,0.0,123.0,130.14285714285714,2.4285714285714284,1378.4285714285713,978.0
115,17/08/2020,60.0,62.0,10143.0,12063.0,8593.0,951.0,1300.0,250.0,4.0,122.0,129.71428571428572,2.2857142857142856,1380.4285714285713,984.2857142857143
116,18/08/2020,54.0,61.0,10258.0,12480.0,8612.0,923.0,1392.0,254.0,4.0,115.0,131.85714285714286,2.7142857142857144,1397.2857142857142,969.1428571428571
117,19/08/2020,70.0,61.0,10389.0,12700.0,8682.0,980.0,1452.0,255.0,1.0,131.0,130.71428571428572,2.2857142857142856,1419.857142857143,945.4285714285714
118,20/08/2020,60.0,58.0,10507.0,12965.0,8773.0,857.0,1476.0,258.0,3.0,118.0,128.0,2.142857142857143,1429.857142857143,919.5714285714286
119,21/08/2020,56.0,49.0,10612.0,13162.0,8890.0,902.0,1460.0,262.0,4.0,105.0,117.14285714285714,2.5714285714285716,1417.0,911.5714285714286
120,22/08/2020,32.0,47.0,10691.0,13224.0,8899.0,882.0,1538.0,264.0,2.0,79.0,113.28571428571429,2.5714285714285716,1421.5714285714287,909.7142857142857
121,23/08/2020,47.0,52.0,10790.0,13261.0,8909.0,822.0,1617.0,264.0,0.0,99.0,109.85714285714286,2.5714285714285716,1462.142857142857,902.4285714285714
122,24/08/2020,40.0,57.0,10887.0,13459.0,9362.0,958.0,1256.0,269.0,5.0,97.0,106.28571428571429,2.7142857142857144,1455.857142857143,903.4285714285714
123,25/08/2020,96.0,40.0,11023.0,13720.0,9466.0,965.0,1285.0,272.0,3.0,136.0,109.28571428571429,2.5714285714285716,1440.5714285714287,909.4285714285714
124,26/08/2020,72.0,76.0,11171.0,13971.0,9490.0,1013.0,1405.0,276.0,4.0,148.0,111.71428571428571,3.0,1433.857142857143,914.1428571428571
125,27/08/2020,60.0,77.0,11308.0,14390.0,9674.0,977.0,1353.0,281.0,5.0,137.0,114.42857142857143,3.2857142857142856,1416.2857142857142,931.2857142857143
126,28/08/2020,69.0,61.0,11438.0,14662.0,9825.0,1023.0,1330.0,283.0,2.0,130.0,118.0,3.0,1397.7142857142858,948.5714285714286
127,29/08/2020,58.0,68.0,11564.0,14956.0,10195.0,1028.0,1084.0,285.0,2.0,126.0,124.71428571428571,3.0,1332.857142857143,969.4285714285714
128,30/08/2020,61.0,39.0,11664.0,15225.0,10307.0,918.0,1072.0,285.0,0.0,100.0,124.85714285714286,3.0,1255.0,983.1428571428571
129,31/08/2020,28.0,38.0,11730.0,15466.0,10354.0,927.0,1087.0,289.0,4.0,66.0,120.42857142857143,2.857142857142857,1230.857142857143,978.7142857142857
130,01/09/2020,23.0,35.0,11788.0,15629.0,10356.0,1040.0,1141.0,291.0,2.0,58.0,109.28571428571429,2.7142857142857144,1210.2857142857142,989.4285714285714
131,02/09/2020,82.0,58.0,11928.0,15969.0,10358.0,843.0,1276.0,294.0,3.0,140.0,108.14285714285714,2.5714285714285716,1191.857142857143,965.1428571428571
132,03/09/2020,75.0,63.0,12066.0,16240.0,10609.0,866.0,1162.0,295.0,1.0,138.0,108.28571428571429,2.0,1164.5714285714287,949.2857142857143
133,04/09/2020,97.0,48.0,12211.0,16559.0,10656.0,935.0,1258.0,297.0,2.0,145.0,110.42857142857143,2.0,1154.2857142857142,936.7142857142857
134,05/09/2020,107.0,37.0,12355.0,16947.0,10684.0,931.0,1374.0,297.0,0.0,144.0,113.0,1.7142857142857142,1195.7142857142858,922.8571428571429
135,06/09/2020,109.0,40.0,12504.0,17412.0,10936.0,771.0,1271.0,297.0,0.0,149.0,120.0,1.7142857142857142,1224.142857142857,901.8571428571429
136,07/09/2020,80.0,75.0,12659.0,17685.0,11141.0,643.0,1218.0,300.0,3.0,155.0,132.71428571428572,1.5714285714285714,1242.857142857143,861.2857142857143
137,08/09/2020,108.0,29.0,12796.0,17931.0,11228.0,802.0,1263.0,305.0,5.0,137.0,144.0,2.0,1260.2857142857142,827.2857142857143
138,09/09/2020,65.0,76.0,12937.0,18206.0,11255.0,1016.0,1375.0,307.0,2.0,141.0,144.14285714285714,1.8571428571428572,1274.4285714285713,852.0
139,10/09/2020,55.0,70.0,13062.0,18609.0,11379.0,1026.0,1373.0,310.0,3.0,125.0,142.28571428571428,2.142857142857143,1304.5714285714287,874.8571428571429
140,11/09/2020,68.0,66.0,13196.0,19112.0,11402.0,964.0,1483.0,311.0,1.0,134.0,140.71428571428572,2.0,1336.7142857142858,879.0
141,12/09/2020,50.0,48.0,13294.0,19213.0,11545.0,1024.0,1436.0,313.0,2.0,98.0,134.14285714285714,2.2857142857142856,1345.5714285714287,892.2857142857143
142,13/09/2020,45.0,42.0,13381.0,19214.0,11607.0,1022.0,1461.0,313.0,0.0,87.0,125.28571428571429,2.2857142857142856,1372.7142857142858,928.1428571428571
143,14/09/2020,32.0,21.0,13434.0,19437.0,11718.0,1164.0,1399.0,317.0,4.0,53.0,110.71428571428571,2.4285714285714284,1398.5714285714287,1002.5714285714286
144,15/09/2020,31.0,41.0,13506.0,19711.0,12032.0,1165.0,1153.0,321.0,4.0,72.0,101.42857142857143,2.2857142857142856,1382.857142857143,1054.4285714285713
145,16/09/2020,44.0,63.0,13613.0,20018.0,12163.0,1180.0,1129.0,321.0,0.0,107.0,96.57142857142857,2.0,1347.7142857142858,1077.857142857143
146,17/09/2020,59.0,57.0,13729.0,20398.0,12303.0,1075.0,1103.0,323.0,2.0,116.0,95.28571428571429,1.8571428571428572,1309.142857142857,1084.857142857143
147,18/09/2020,56.0,70.0,13855.0,20893.0,12361.0,940.0,1169.0,325.0,2.0,126.0,94.14285714285714,2.0,1264.2857142857142,1081.4285714285713
148,19/09/2020,66.0,55.0,13976.0,21352.0,12520.0,660.0,1130.0,326.0,1.0,121.0,97.42857142857143,1.8571428571428572,1220.5714285714287,1029.4285714285713
149,20/09/2020,24.0,19.0,14019.0,21380.0,12637.0,826.0,1056.0,326.0,0.0,43.0,91.14285714285714,1.8571428571428572,1162.7142857142858,1001.4285714285714
150,21/09/2020,40.0,43.0,14102.0,21654.0,12737.0,829.0,1036.0,329.0,3.0,83.0,95.42857142857143,1.7142857142857142,1110.857142857143,953.5714285714286
151,22/09/2020,28.0,34.0,14164.0,22244.0,12954.0,690.0,879.0,331.0,2.0,62.0,94.0,1.4285714285714286,1071.7142857142858,885.7142857142857
152,23/09/2020,49.0,56.0,14269.0,22600.0,12989.0,674.0,948.0,332.0,1.0,105.0,93.71428571428571,1.5714285714285714,1045.857142857143,813.4285714285714
153,24/09/2020,40.0,65.0,14374.0,22881.0,13090.0,712.0,949.0,335.0,3.0,105.0,92.14285714285714,1.7142857142857142,1023.8571428571429,761.5714285714286
154,25/09/2020,41.0,66.0,14481.0,23269.0,13256.0,675.0,887.0,338.0,3.0,107.0,89.42857142857143,1.8571428571428572,983.5714285714286,723.7142857142857
155,26/09/2020,34.0,64.0,14579.0,23619.0,13341.0,596.0,900.0,338.0,0.0,98.0,86.14285714285714,1.7142857142857142,950.7142857142857,714.5714285714286
156,27/09/2020,52.0,69.0,14700.0,23772.0,13462.0,604.0,899.0,339.0,1.0,121.0,97.28571428571429,1.8571428571428572,928.2857142857143,682.8571428571429
157,28/09/2020,32.0,53.0,14785.0,24118.0,13513.0,690.0,931.0,341.0,2.0,85.0,97.57142857142857,1.7142857142857142,913.2857142857143,663.0
158,29/09/2020,44.0,67.0,14896.0,24720.0,13667.0,778.0,887.0,342.0,1.0,111.0,104.57142857142857,1.5714285714285714,914.4285714285714,675.5714285714286
159,30/09/2020,42.0,69.0,15007.0,25286.0,13683.0,750.0,982.0,342.0,0.0,111.0,105.42857142857143,1.4285714285714286,919.2857142857143,686.4285714285714
160,01/10/2020,45.0,59.0,15111.0,25779.0,13800.0,836.0,967.0,344.0,2.0,104.0,105.28571428571429,1.2857142857142858,921.8571428571429,704.1428571428571
161,02/10/2020,31.0,55.0,15197.0,26254.0,13833.0,903.0,1018.0,346.0,2.0,86.0,102.28571428571429,1.1428571428571428,940.5714285714286,736.7142857142857
162,03/10/2020,43.0,67.0,15307.0,26732.0,13950.0,861.0,1009.0,348.0,2.0,110.0,104.0,1.4285714285714286,956.1428571428571,774.5714285714286
163,04/10/2020,58.0,47.0,15412.0,26968.0,14043.0,653.0,1020.0,349.0,1.0,105.0,101.71428571428571,1.4285714285714286,973.4285714285714,781.5714285714286
164,05/10/2020,40.0,38.0,15490.0,27454.0,14148.0,730.0,992.0,350.0,1.0,78.0,100.71428571428571,1.2857142857142858,982.1428571428571,787.2857142857143
165,06/10/2020,24.0,40.0,15554.0,27798.0,14248.0,743.0,955.0,351.0,1.0,64.0,94.0,1.2857142857142858,991.8571428571429,782.2857142857143
166,07/10/2020,34.0,27.0,15615.0,28219.0,14409.0,793.0,854.0,352.0,1.0,61.0,86.85714285714286,1.4285714285714286,973.5714285714286,788.4285714285714
167,08/10/2020,36.0,45.0,15696.0,28717.0,14512.0,797.0,831.0,353.0,1.0,81.0,83.57142857142857,1.2857142857142858,954.1428571428571,782.8571428571429
168,09/10/2020,47.0,57.0,15800.0,29227.0,14631.0,819.0,814.0,355.0,2.0,104.0,86.14285714285714,1.2857142857142858,925.0,770.8571428571429
169,10/10/2020,36.0,44.0,15880.0,29602.0,14711.0,879.0,814.0,355.0,0.0,80.0,81.85714285714286,1.0,897.1428571428571,773.4285714285714
170,11/10/2020,19.0,30.0,15929.0,30106.0,14832.0,838.0,742.0,355.0,0.0,49.0,73.85714285714286,0.8571428571428571,857.4285714285714,799.8571428571429
171,12/10/2020,23.0,30.0,15982.0,30621.0,14936.0,813.0,814.0,357.0,2.0,53.0,70.28571428571429,1.0,832.0,811.7142857142857
172,13/10/2020,11.0,20.0,16013.0,31315.0,15074.0,527.0,582.0,357.0,0.0,31.0,65.57142857142857,0.8571428571428571,778.7142857142857,780.8571428571429
173,14/10/2020,35.0,31.0,16079.0,31816.0,15104.0,550.0,617.0,358.0,1.0,66.0,66.28571428571429,0.8571428571428571,744.8571428571429,746.1428571428571
174,15/10/2020,28.0,21.0,16128.0,31937.0,15217.0,629.0,552.0,359.0,1.0,49.0,61.714285714285715,0.8571428571428571,705.0,722.1428571428571
175,16/10/2020,24.0,15.0,16167.0,32034.0,15276.0,694.0,532.0,359.0,0.0,39.0,52.42857142857143,0.5714285714285714,664.7142857142857,704.2857142857143
176,17/10/2020,15.0,24.0,16206.0,32241.0,15334.0,560.0,511.0,361.0,2.0,39.0,46.57142857142857,0.8571428571428571,621.4285714285714,658.7142857142857
177,18/10/2020,63.0,29.0,16298.0,32384.0,15397.0,551.0,540.0,361.0,0.0,92.0,52.714285714285715,0.8571428571428571,592.5714285714286,617.7142857142857
178,19/10/2020,54.0,29.0,16381.0,32535.0,15478.0,692.0,542.0,361.0,0.0,83.0,57.0,0.5714285714285714,553.7142857142857,600.4285714285714
179,20/10/2020,48.0,52.0,16481.0,32712.0,15532.0,700.0,587.0,362.0,1.0,100.0,66.85714285714286,0.7142857142857143,554.4285714285714,625.1428571428571
180,21/10/2020,62.0,26.0,16569.0,33036.0,15556.0,787.0,649.0,364.0,2.0,88.0,70.0,0.8571428571428571,559.0,659.0
181,22/10/2020,39.0,36.0,16644.0,33233.0,15597.0,866.0,683.0,364.0,0.0,75.0,73.71428571428571,0.7142857142857143,577.7142857142857,692.8571428571429
182,23/10/2020,29.0,32.0,16705.0,33484.0,15624.0,913.0,717.0,364.0,0.0,61.0,76.85714285714286,0.7142857142857143,604.1428571428571,724.1428571428571
183,24/10/2020,27.0,41.0,16773.0,33551.0,15677.0,833.0,732.0,364.0,0.0,68.0,81.0,0.42857142857142855,635.7142857142857,763.1428571428571
184,25/10/2020,31.0,37.0,16841.0,33712.0,15765.0,827.0,712.0,364.0,0.0,68.0,77.57142857142857,0.42857142857142855,660.2857142857143,802.5714285714286
185,26/10/2020,36.0,34.0,16911.0,34050.0,15794.0,792.0,750.0,367.0,3.0,70.0,75.71428571428571,0.8571428571428571,690.0,816.8571428571429
186,27/10/2020,19.0,15.0,16945.0,34342.0,15813.0,840.0,765.0,367.0,0.0,34.0,66.28571428571429,0.7142857142857143,715.4285714285714,836.8571428571429
187,28/10/2020,10.0,11.0,16966.0,34592.0,15911.0,945.0,688.0,367.0,0.0,21.0,56.714285714285715,0.42857142857142855,721.0,859.4285714285714
188,29/10/2020,18.0,15.0,16999.0,34949.0,16032.0,886.0,600.0,367.0,0.0,33.0,50.714285714285715,0.42857142857142855,709.1428571428571,862.2857142857143
189,30/10/2020,21.0,20.0,17040.0,35196.0,16095.0,910.0,578.0,367.0,0.0,41.0,47.857142857142854,0.42857142857142855,689.2857142857143,861.8571428571429
190,31/10/2020,20.0,21.0,17081.0,35469.0,16184.0,771.0,530.0,367.0,0.0,41.0,44.0,0.42857142857142855,660.4285714285714,853.0
191,01/11/2020,17.0,22.0,17120.0,35681.0,16186.0,745.0,567.0,367.0,0.0,39.0,39.857142857142854,0.42857142857142855,639.7142857142857,841.2857142857143
192,02/11/2020,7.0,5.0,17132.0,35932.0,16328.0,842.0,437.0,367.0,0.0,12.0,31.571428571428573,0.0,595.0,848.4285714285714
193,03/11/2020,12.0,23.0,17167.0,36265.0,16378.0,808.0,419.0,370.0,3.0,35.0,31.714285714285715,0.42857142857142855,545.5714285714286,843.8571428571429
194,04/11/2020,20.0,21.0,17208.0,36546.0,16462.0,817.0,376.0,370.0,0.0,41.0,34.57142857142857,0.42857142857142855,501.0,825.5714285714286
195,06/11/2020,30.0,21.0,17290.0,37031.0,16558.0,941.0,362.0,370.0,0.0,82.0,41.57142857142857,0.42857142857142855,467.0,833.4285714285714
196,07/11/2020,22.0,31.0,17343.0,37200.0,16589.0,719.0,384.0,370.0,0.0,53.0,43.285714285714285,0.42857142857142855,439.2857142857143,806.1428571428571
197,08/11/2020,17.0,31.0,17391.0,37385.0,16623.0,871.0,398.0,370.0,0.0,48.0,44.285714285714285,0.42857142857142855,420.42857142857144,820.4285714285714
198,09/11/2020,22.0,36.0,17449.0,37628.0,16648.0,799.0,430.0,371.0,1.0,58.0,47.0,0.5714285714285714,400.85714285714283,828.1428571428571
199,10/11/2020,25.0,36.0,17510.0,38008.0,16664.0,715.0,475.0,371.0,0.0,61.0,54.0,0.5714285714285714,406.2857142857143,810.0
200,11/11/2020,25.0,31.0,17566.0,38153.0,16692.0,674.0,502.0,372.0,1.0,56.0,57.0,0.2857142857142857,418.14285714285717,790.8571428571429
201,12/11/2020,31.0,25.0,17622.0,38274.0,16704.0,801.0,545.0,373.0,1.0,56.0,59.142857142857146,0.42857142857142855,442.2857142857143,788.5714285714286
202,13/11/2020,27.0,22.0,17671.0,38423.0,16758.0,843.0,540.0,373.0,0.0,49.0,54.42857142857143,0.42857142857142855,467.7142857142857,774.5714285714286
203,14/11/2020,19.0,19.0,17709.0,38615.0,16779.0,1001.0,557.0,373.0,0.0,38.0,52.285714285714285,0.42857142857142855,492.42857142857144,814.8571428571429
204,15/11/2020,11.0,9.0,17729.0,38743.0,16779.0,855.0,557.0,373.0,0.0,20.0,48.285714285714285,0.42857142857142855,515.1428571428571,812.5714285714286
205,16/11/2020,27.0,18.0,17774.0,38876.0,16911.0,816.0,490.0,373.0,0.0,45.0,46.42857142857143,0.2857142857142857,523.7142857142857,815.0
206,17/11/2020,20.0,34.0,17828.0,39072.0,16960.0,971.0,494.0,374.0,1.0,54.0,45.42857142857143,0.42857142857142855,526.4285714285714,851.5714285714286
207,18/11/2020,23.0,25.0,17876.0,39153.0,16976.0,946.0,525.0,375.0,1.0,48.0,44.285714285714285,0.42857142857142855,529.7142857142857,890.4285714285714
208,19/11/2020,25.0,39.0,17940.0,39433.0,17007.0,992.0,558.0,375.0,0.0,64.0,45.42857142857143,0.2857142857142857,531.5714285714286,917.7142857142857
209,20/11/2020,23.0,31.0,17994.0,39622.0,17065.0,1058.0,554.0,375.0,0.0,54.0,46.142857142857146,0.2857142857142857,533.5714285714286,948.4285714285714
210,21/11/2020,14.0,25.0,18033.0,39661.0,17106.0,1040.0,552.0,375.0,0.0,39.0,46.285714285714285,0.2857142857142857,532.8571428571429,954.0
211,22/11/2020,22.0,31.0,18086.0,39812.0,17208.0,933.0,503.0,375.0,0.0,53.0,51.0,0.2857142857142857,525.1428571428571,965.1428571428571
212,23/11/2020,26.0,29.0,18141.0,40074.0,17292.0,1115.0,474.0,375.0,0.0,55.0,52.42857142857143,0.2857142857142857,522.8571428571429,1007.8571428571429
213,24/11/2020,39.0,42.0,18222.0,40200.0,17327.0,1053.0,520.0,375.0,0.0,81.0,56.285714285714285,0.14285714285714285,526.5714285714286,1019.5714285714286
214,25/11/2020,24.0,21.0,18267.0,40339.0,17344.0,1161.0,548.0,375.0,0.0,45.0,55.857142857142854,0.0,529.8571428571429,1050.2857142857142
215,26/11/2020,25.0,40.0,18332.0,40559.0,17364.0,1081.0,593.0,375.0,0.0,65.0,56.0,0.0,534.8571428571429,1063.0
216,27/11/2020,37.0,30.0,18399.0,40787.0,17438.0,1160.0,585.0,376.0,1.0,67.0,57.857142857142854,0.14285714285714285,539.2857142857143,1077.5714285714287
217,28/11/2020,43.0,35.0,18477.0,41104.0,17476.0,1285.0,625.0,376.0,0.0,78.0,63.42857142857143,0.14285714285714285,549.7142857142857,1112.5714285714287
218,29/11/2020,29.0,45.0,18551.0,41346.0,17503.0,1264.0,672.0,376.0,0.0,74.0,66.42857142857143,0.14285714285714285,573.8571428571429,1159.857142857143
219,30/11/2020,46.0,54.0,18651.0,41705.0,17586.0,1380.0,687.0,378.0,2.0,100.0,72.85714285714286,0.42857142857142855,604.2857142857143,1197.7142857142858
220,01/12/2020,65.0,65.0,18781.0,42119.0,17599.0,1427.0,803.0,379.0,1.0,130.0,79.85714285714286,0.5714285714285714,644.7142857142857,1251.142857142857
221,02/12/2020,51.0,66.0,18898.0,42474.0,17651.0,1316.0,867.0,380.0,1.0,117.0,90.14285714285714,0.7142857142857143,690.2857142857143,1273.2857142857142
222,03/12/2020,65.0,62.0,19025.0,42704.0,17707.0,1180.0,935.0,383.0,3.0,127.0,99.0,1.1428571428571428,739.1428571428571,1287.4285714285713
223,04/12/2020,45.0,56.0,19126.0,43092.0,17787.0,1197.0,955.0,384.0,1.0,101.0,103.85714285714286,1.1428571428571428,792.0,1292.7142857142858
224,05/12/2020,42.0,47.0,19215.0,43258.0,17831.0,1166.0,999.0,385.0,1.0,89.0,105.42857142857143,1.2857142857142858,845.4285714285714,1275.7142857142858
225,06/12/2020,13.0,20.0,19248.0,43521.0,17937.0,1136.0,926.0,386.0,1.0,33.0,99.57142857142857,1.4285714285714286,881.7142857142857,1257.4285714285713
226,07/12/2020,58.0,44.0,19350.0,43792.0,17943.0,1072.0,1018.0,389.0,3.0,102.0,99.85714285714286,1.5714285714285714,929.0,1213.4285714285713
227,08/12/2020,47.0,57.0,19454.0,43847.0,18053.0,1120.0,1012.0,389.0,0.0,104.0,96.14285714285714,1.4285714285714286,958.8571428571429,1169.5714285714287
228,09/12/2020,52.0,58.0,19564.0,44198.0,18124.0,1106.0,1049.0,391.0,2.0,110.0,95.14285714285714,1.5714285714285714,984.8571428571429,1139.5714285714287
229,10/12/2020,62.0,43.0,19669.0,44490.0,18175.0,1261.0,1101.0,393.0,2.0,105.0,92.0,1.4285714285714286,1008.5714285714286,1151.142857142857
230,11/12/2020,64.0,57.0,19790.0,44833.0,18317.0,1155.0,1078.0,395.0,2.0,121.0,94.85714285714286,1.5714285714285714,1026.142857142857,1145.142857142857
231,12/12/2020,53.0,77.0,19920.0,45256.0,18512.0,1172.0,1012.0,396.0,1.0,130.0,100.71428571428571,1.5714285714285714,1028.0,1146.0
232,13/12/2020,56.0,74.0,20050.0,45444.0,18514.0,1079.0,1143.0,396.0,0.0,130.0,114.57142857142857,1.4285714285714286,1059.0,1137.857142857143
233,14/12/2020,62.0,61.0,20173.0,45496.0,18524.0,1153.0,1250.0,399.0,3.0,123.0,117.57142857142857,1.4285714285714286,1092.142857142857,1149.4285714285713
234,15/12/2020,75.0,63.0,20311.0,45769.0,18648.0,1234.0,1263.0,400.0,1.0,138.0,122.42857142857143,1.5714285714285714,1128.0,1165.7142857142858
235,16/12/2020,56.0,62.0,20429.0,45946.0,18791.0,1237.0,1236.0,402.0,2.0,118.0,123.57142857142857,1.5714285714285714,1154.7142857142858,1184.4285714285713
236,17/12/2020,34.0,34.0,20497.0,46053.0,18795.0,1351.0,1300.0,402.0,0.0,68.0,118.28571428571429,1.2857142857142858,1183.142857142857,1197.2857142857142
237,18/12/2020,54.0,51.0,20602.0,46344.0,18997.0,1461.0,1202.0,403.0,1.0,105.0,116.0,1.1428571428571428,1200.857142857143,1241.0
238,19/12/2020,43.0,57.0,20702.0,46598.0,19083.0,1721.0,1214.0,405.0,2.0,100.0,111.71428571428571,1.2857142857142858,1229.7142857142858,1319.4285714285713
239,20/12/2020,52.0,65.0,20819.0,46861.0,19223.0,1579.0,1191.0,405.0,0.0,117.0,109.85714285714286,1.2857142857142858,1236.5714285714287,1390.857142857143
240,21/12/2020,71.0,68.0,20958.0,47093.0,19297.0,1523.0,1254.0,407.0,2.0,139.0,112.14285714285714,1.1428571428571428,1237.142857142857,1443.7142857142858
241,22/12/2020,73.0,69.0,21100.0,47666.0,19443.0,1339.0,1248.0,409.0,2.0,142.0,112.71428571428571,1.2857142857142858,1235.0,1458.7142857142858
242,23/12/2020,66.0,82.0,21248.0,48010.0,19471.0,1334.0,1368.0,409.0,0.0,148.0,117.0,1.0,1253.857142857143,1472.5714285714287
243,24/12/2020,47.0,64.0,21359.0,48073.0,19691.0,1309.0,1259.0,409.0,0.0,111.0,123.14285714285714,1.0,1248.0,1466.5714285714287
244,25/12/2020,48.0,53.0,21460.0,48360.0,19969.0,1309.0,1079.0,412.0,3.0,101.0,122.57142857142857,1.2857142857142858,1230.4285714285713,1444.857142857143
245,26/12/2020,60.0,68.0,21588.0,48536.0,19972.0,1301.0,1204.0,412.0,0.0,128.0,126.57142857142857,1.0,1229.0,1384.857142857143
246,27/12/2020,82.0,45.0,21715.0,48549.0,20018.0,1265.0,1285.0,412.0,0.0,127.0,128.0,1.0,1242.4285714285713,1340.0
247,28/12/2020,49.0,89.0,21853.0,48931.0,20226.0,1420.0,1214.0,413.0,1.0,138.0,127.85714285714286,0.8571428571428571,1236.7142857142858,1325.2857142857142
248,29/12/2020,67.0,87.0,22007.0,49224.0,20393.0,1373.0,1200.0,414.0,1.0,154.0,129.57142857142858,0.7142857142857143,1229.857142857143,1330.142857142857
249,30/12/2020,48.0,74.0,22129.0,49556.0,20448.0,1624.0,1266.0,415.0,1.0,122.0,125.85714285714286,0.8571428571428571,1215.2857142857142,1371.5714285714287
250,31/12/2020,67.0,71.0,22267.0,49919.0,20588.0,1224.0,1264.0,415.0,0.0,138.0,129.71428571428572,0.8571428571428571,1216.0,1359.4285714285713
251,01/01/2021,78.0,71.0,22416.0,50209.0,20599.0,1111.0,1402.0,415.0,0.0,149.0,136.57142857142858,0.42857142857142855,1262.142857142857,1331.142857142857
252,02/01/2021,77.0,82.0,22575.0,50485.0,20747.0,1110.0,1413.0,415.0,0.0,159.0,141.0,0.42857142857142855,1292.0,1303.857142857143
253,03/01/2021,72.0,81.0,22728.0,50477.0,20855.0,1048.0,1457.0,416.0,1.0,153.0,144.71428571428572,0.5714285714285714,1316.5714285714287,1272.857142857143
254,04/01/2021,82.0,97.0,22907.0,50945.0,20976.0,1442.0,1514.0,417.0,1.0,179.0,150.57142857142858,0.5714285714285714,1359.4285714285713,1276.0
255,06/01/2021,106.0,123.0,23346.0,51721.0,21199.0,1615.0,1726.0,421.0,4.0,439.0,191.28571428571428,1.0,1434.5714285714287,1310.5714285714287
256,07/01/2021,142.0,134.0,23622.0,51973.0,21429.0,1911.0,1772.0,421.0,0.0,276.0,213.28571428571428,0.8571428571428571,1506.857142857143,1351.5714285714287
257,08/01/2021,110.0,147.0,23879.0,52449.0,21545.0,1787.0,1912.0,422.0,1.0,257.0,230.28571428571428,1.0,1599.4285714285713,1432.0
258,09/01/2021,139.0,154.0,24172.0,52852.0,21664.0,1502.0,2085.0,423.0,1.0,293.0,250.85714285714286,1.1428571428571428,1697.0,1487.857142857143
259,10/01/2021,124.0,158.0,24454.0,52917.0,21801.0,1705.0,2230.0,423.0,0.0,282.0,268.42857142857144,1.1428571428571428,1813.7142857142858,1572.857142857143
260,11/01/2021,141.0,143.0,24738.0,53093.0,22109.0,1801.0,2204.0,425.0,2.0,284.0,287.14285714285717,1.2857142857142858,1920.4285714285713,1680.4285714285713
261,12/01/2021,154.0,160.0,25052.0,53381.0,22253.0,1939.0,2373.0,427.0,2.0,314.0,306.42857142857144,1.4285714285714286,2043.142857142857,1751.4285714285713
262,13/01/2021,123.0,171.0,25346.0,53969.0,22288.0,2063.0,2629.0,429.0,2.0,294.0,285.7142857142857,1.1428571428571428,2172.1428571428573,1815.4285714285713
263,14/01/2021,164.0,178.0,25688.0,54068.0,22398.0,2080.0,2859.0,431.0,2.0,342.0,295.14285714285717,1.4285714285714286,2327.4285714285716,1839.5714285714287
264,15/01/2021,169.0,193.0,26050.0,54602.0,22665.0,2308.0,2953.0,432.0,1.0,362.0,310.14285714285717,1.4285714285714286,2476.1428571428573,1914.0
265,16/01/2021,124.0,199.0,26373.0,54652.0,22912.0,2024.0,3029.0,432.0,0.0,323.0,314.42857142857144,1.2857142857142858,2611.0,1988.5714285714287
266,17/01/2021,169.0,193.0,26735.0,54737.0,23432.0,1887.0,2871.0,432.0,0.0,362.0,325.85714285714283,1.2857142857142858,2702.5714285714284,2014.5714285714287
267,19/01/2021,156.0,191.0,27424.0,55393.0,24101.0,2137.0,2879.0,444.0,12.0,689.0,383.7142857142857,2.7142857142857144,2799.0,2062.5714285714284
268,20/01/2021,141.0,169.0,27734.0,55865.0,24181.0,2368.0,3107.0,446.0,2.0,310.0,383.14285714285717,2.7142857142857144,2903.8571428571427,2123.8571428571427
269,21/01/2021,162.0,161.0,28057.0,55917.0,24415.0,2161.0,3196.0,447.0,1.0,323.0,387.2857142857143,2.5714285714285716,2984.8571428571427,2137.8571428571427
270,22/01/2021,181.0,159.0,28397.0,56238.0,24664.0,2030.0,3285.0,448.0,1.0,340.0,387.0,2.4285714285714284,3045.714285714286,2130.714285714286
271,23/01/2021,183.0,163.0,28743.0,56396.0,24962.0,1708.0,3329.0,452.0,4.0,346.0,384.7142857142857,2.857142857142857,3099.4285714285716,2045.0
272,24/01/2021,156.0,200.0,29099.0,57030.0,25310.0,2217.0,3334.0,455.0,3.0,356.0,389.42857142857144,3.2857142857142856,3143.0,2072.5714285714284
273,25/01/2021,147.0,193.0,29439.0,57735.0,25551.0,2146.0,3429.0,459.0,4.0,340.0,386.2857142857143,3.857142857142857,3222.714285714286,2109.5714285714284
274,26/01/2021,139.0,181.0,29759.0,58337.0,25888.0,2742.0,3409.0,462.0,3.0,320.0,333.57142857142856,2.5714285714285716,3298.4285714285716,2196.0
275,27/01/2021,105.0,136.0,30000.0,58900.0,25995.0,3004.0,3543.0,462.0,0.0,241.0,323.7142857142857,2.2857142857142856,3360.714285714286,2286.8571428571427
276,28/01/2021,117.0,141.0,30258.0,59344.0,26238.0,3188.0,3556.0,464.0,2.0,258.0,314.42857142857144,2.4285714285714284,3412.1428571428573,2433.5714285714284
277,29/01/2021,122.0,142.0,30522.0,59731.0,26623.0,3071.0,3434.0,465.0,1.0,264.0,303.57142857142856,2.4285714285714284,3433.4285714285716,2582.285714285714
278,30/01/2021,113.0,139.0,30774.0,60029.0,27367.0,3143.0,2941.0,466.0,1.0,252.0,290.14285714285717,2.0,3378.0,2787.285714285714
279,31/01/2021,119.0,148.0,31041.0,60189.0,27554.0,3224.0,3016.0,471.0,5.0,267.0,277.42857142857144,2.2857142857142856,3332.5714285714284,2931.1428571428573
280,01/02/2021,120.0,124.0,31285.0,60647.0,27858.0,3475.0,2951.0,476.0,5.0,244.0,263.7142857142857,2.4285714285714284,3264.285714285714,3121.0
281,02/02/2021,114.0,143.0,31542.0,61084.0,28196.0,3092.0,2869.0,477.0,1.0,257.0,254.71428571428572,2.142857142857143,3187.1428571428573,3171.0
282,03/02/2021,114.0,130.0,31786.0,61569.0,28549.0,3307.0,2758.0,479.0,2.0,244.0,255.14285714285714,2.4285714285714284,3075.0,3214.285714285714
283,04/02/2021,110.0,126.0,32022.0,61750.0,29012.0,3050.0,2529.0,481.0,2.0,236.0,252.0,2.4285714285714284,2928.285714285714,3194.5714285714284
284,05/02/2021,112.0,103.0,32237.0,61871.0,29413.0,3156.0,2340.0,484.0,3.0,215.0,245.0,2.7142857142857144,2772.0,3206.714285714286
285,06/02/2021,86.0,66.0,32389.0,62121.0,29585.0,2762.0,2320.0,484.0,0.0,152.0,230.71428571428572,2.5714285714285716,2683.285714285714,3152.285714285714
286,07/02/2021,74.0,88.0,32551.0,62493.0,29836.0,2908.0,2229.0,486.0,2.0,162.0,215.71428571428572,2.142857142857143,2570.8571428571427,3107.1428571428573
287,08/02/2021,71.0,49.0,32671.0,62791.0,30132.0,2993.0,2050.0,489.0,3.0,120.0,198.0,1.8571428571428572,2442.1428571428573,3038.285714285714
288,09/02/2021,88.0,72.0,32831.0,63171.0,30415.0,2461.0,1924.0,492.0,3.0,160.0,184.14285714285714,2.142857142857143,2307.1428571428573,2948.1428571428573
289,10/02/2021,59.0,90.0,32980.0,63439.0,30615.0,2571.0,1870.0,495.0,3.0,149.0,170.57142857142858,2.2857142857142856,2180.285714285714,2843.0
290,11/02/2021,71.0,89.0,33140.0,63690.0,30857.0,2427.0,1785.0,498.0,3.0,160.0,159.71428571428572,2.4285714285714284,2074.0,2754.0
291,12/02/2021,58.0,70.0,33268.0,64061.0,31169.0,2499.0,1599.0,500.0,2.0,128.0,147.28571428571428,2.2857142857142856,1968.142857142857,2660.1428571428573
292,13/02/2021,46.0,83.0,33397.0,64239.0,31334.0,2199.0,1561.0,502.0,2.0,129.0,144.0,2.5714285714285716,1859.7142857142858,2579.714285714286
293,14/02/2021,84.0,60.0,33541.0,64251.0,31364.0,2151.0,1669.0,508.0,6.0,144.0,141.42857142857142,3.142857142857143,1779.7142857142858,2471.5714285714284
294,15/02/2021,55.0,69.0,33665.0,64393.0,31364.0,1957.0,1791.0,510.0,2.0,124.0,142.0,3.0,1742.7142857142858,2323.5714285714284
295,16/02/2021,78.0,56.0,33799.0,64455.0,31454.0,2113.0,1834.0,511.0,1.0,134.0,138.28571428571428,2.7142857142857144,1729.857142857143,2273.8571428571427
296,17/02/2021,66.0,44.0,33909.0,64541.0,31498.0,1918.0,1899.0,512.0,1.0,110.0,132.71428571428572,2.4285714285714284,1734.0,2180.5714285714284
297,18/02/2021,41.0,71.0,34021.0,64630.0,31608.0,2016.0,1899.0,514.0,2.0,112.0,125.85714285714286,2.2857142857142856,1750.2857142857142,2121.8571428571427
298,19/02/2021,37.0,40.0,34098.0,64737.0,31920.0,2078.0,1663.0,515.0,1.0,77.0,118.57142857142857,2.142857142857143,1759.4285714285713,2061.714285714286
299,20/02/2021,31.0,25.0,34154.0,64979.0,31959.0,1816.0,1672.0,523.0,8.0,56.0,108.14285714285714,3.0,1775.2857142857142,2007.0
300,21/02/2021,44.0,60.0,34258.0,65152.0,32099.0,1887.0,1635.0,524.0,1.0,104.0,102.42857142857143,2.2857142857142856,1770.4285714285713,1969.2857142857142
301,22/02/2021,77.0,48.0,34383.0,65372.0,32117.0,1775.0,1740.0,526.0,2.0,125.0,102.57142857142857,2.2857142857142856,1763.142857142857,1943.2857142857142
302,23/02/2021,41.0,81.0,34505.0,65507.0,32308.0,1987.0,1668.0,529.0,3.0,122.0,100.85714285714286,2.5714285714285716,1739.4285714285713,1925.2857142857142
303,24/02/2021,68.0,55.0,34628.0,65670.0,32560.0,1713.0,1539.0,529.0,0.0,123.0,102.71428571428571,2.4285714285714284,1688.0,1896.0
304,25/02/2021,53.0,66.0,34747.0,65892.0,32760.0,1768.0,1457.0,530.0,1.0,119.0,103.71428571428571,2.2857142857142856,1624.857142857143,1860.5714285714287
305,26/02/2021,77.0,41.0,34865.0,66297.0,32954.0,1403.0,1381.0,530.0,0.0,118.0,109.57142857142857,2.142857142857143,1584.5714285714287,1764.142857142857
306,27/02/2021,44.0,35.0,34944.0,66367.0,33233.0,1292.0,1178.0,533.0,3.0,79.0,112.85714285714286,1.4285714285714286,1514.0,1689.2857142857142
307,28/02/2021,10.0,14.0,34968.0,66382.0,33419.0,1264.0,1009.0,540.0,7.0,24.0,101.42857142857143,2.2857142857142856,1424.5714285714287,1600.2857142857142
308,01/03/2021,26.0,33.0,35027.0,66507.0,33536.0,1081.0,949.0,542.0,2.0,59.0,92.0,2.2857142857142856,1311.5714285714287,1501.142857142857
309,02/03/2021,56.0,34.0,35117.0,66970.0,33663.0,1510.0,908.0,546.0,4.0,90.0,87.42857142857143,2.4285714285714284,1203.0,1433.0
310,03/03/2021,68.0,62.0,35247.0,67186.0,33742.0,1479.0,957.0,548.0,2.0,130.0,88.42857142857143,2.7142857142857144,1119.857142857143,1399.5714285714287
311,04/03/2021,30.0,19.0,35296.0,67263.0,34047.0,1369.0,697.0,552.0,4.0,49.0,78.42857142857143,3.142857142857143,1011.2857142857143,1342.5714285714287
312,05/03/2021,84.0,40.0,35420.0,67740.0,34097.0,1376.0,771.0,552.0,0.0,124.0,79.28571428571429,3.142857142857143,924.1428571428571,1338.7142857142858
313,06/03/2021,58.0,96.0,35574.0,67992.0,34101.0,1457.0,921.0,552.0,0.0,154.0,90.0,2.7142857142857144,887.4285714285714,1362.2857142857142
314,07/03/2021,79.0,72.0,35725.0,68189.0,34210.0,1428.0,961.0,554.0,2.0,151.0,108.14285714285714,2.0,880.5714285714286,1385.7142857142858
315,08/03/2021,42.0,63.0,35830.0,68314.0,34329.0,1363.0,947.0,554.0,0.0,105.0,114.71428571428571,1.7142857142857142,880.2857142857143,1426.0
316,09/03/2021,78.0,60.0,35968.0,68598.0,34467.0,1302.0,947.0,554.0,0.0,138.0,121.57142857142857,1.1428571428571428,885.8571428571429,1396.2857142857142
317,10/03/2021,66.0,76.0,36110.0,68989.0,34511.0,1343.0,1043.0,556.0,2.0,142.0,123.28571428571429,1.1428571428571428,898.1428571428571,1376.857142857143
318,11/03/2021,79.0,73.0,36262.0,69149.0,34513.0,1486.0,1191.0,558.0,2.0,152.0,138.0,0.8571428571428571,968.7142857142857,1393.5714285714287
319,12/03/2021,78.0,65.0,36405.0,69334.0,34640.0,1489.0,1204.0,561.0,3.0,143.0,140.71428571428572,1.2857142857142858,1030.5714285714287,1409.7142857142858
320,13/03/2021,83.0,68.0,36556.0,69480.0,34648.0,1428.0,1346.0,562.0,1.0,151.0,140.28571428571428,1.4285714285714286,1091.2857142857142,1405.5714285714287
321,14/03/2021,69.0,67.0,36692.0,69660.0,34929.0,1771.0,1199.0,564.0,2.0,136.0,138.14285714285714,1.4285714285714286,1125.2857142857142,1454.5714285714287
322,15/03/2021,89.0,61.0,36842.0,69847.0,35055.0,1708.0,1219.0,568.0,4.0,150.0,144.57142857142858,2.0,1164.142857142857,1503.857142857143
323,16/03/2021,71.0,107.0,37020.0,70119.0,35363.0,1736.0,1085.0,572.0,4.0,178.0,150.28571428571428,2.5714285714285716,1183.857142857143,1565.857142857143
324,17/03/2021,98.0,64.0,37182.0,70191.0,35401.0,1736.0,1200.0,581.0,9.0,162.0,153.14285714285714,3.5714285714285716,1206.2857142857142,1622.0
325,18/03/2021,100.0,97.0,37379.0,70204.0,35529.0,1593.0,1269.0,581.0,0.0,197.0,159.57142857142858,3.2857142857142856,1217.4285714285713,1637.2857142857142
326,19/03/2021,85.0,82.0,37546.0,70597.0,35604.0,1840.0,1360.0,582.0,1.0,167.0,163.0,3.0,1239.7142857142858,1687.4285714285713
327,20/03/2021,83.0,99.0,37728.0,70933.0,35604.0,1812.0,1539.0,585.0,3.0,182.0,167.42857142857142,3.2857142857142856,1267.2857142857142,1742.2857142857142
328,21/03/2021,101.0,85.0,37914.0,71268.0,35808.0,1430.0,1521.0,585.0,0.0,186.0,174.57142857142858,3.0,1313.2857142857142,1693.5714285714287
