,Despesas Orçamentárias,DOTAÇÃO INICIAL (d),DOTAÇÃO ATUALIZADA (e),DESPESAS EMPENHADAS NO BIMESTRE,DESPESAS EMPENHADAS ATÉ O BIMESTRE (f),SALDO (g) =(e-f),DESPESAS LIQUIDADAS NO BIMESTRE,DESPESAS LIQUIDADAS ATÉ O BIMESTRE (h),SALDO (i) = (e-h),DESPESAS PAGASATÉ O BIMESTRE(j),Bimestre,Ano,tempo,base = ultimo periodo
fevereiro 2016,DESPESAS CORRENTES,1625.0072632011152,1641.7892904095074,685.8298860238918,685.8298359515737,955.9594544579338,213.11204579865537,213.11204579865537,1428.6772446108523,202.05970407776223,1,2016,2016-02-20,82.36087618239524
abril 2016,DESPESAS CORRENTES,1608.2393894318395,1627.7590396537187,376.7428461493688,1047.1500969834176,580.608942670301,253.38155035568886,458.8448561587887,1168.91418349493,451.48375441827625,2,2016,2016-04-20,83.21958962047441
junho 2016,DESPESAS CORRENTES,1590.2264177302832,1617.759657622185,66.969461426681,1102.3900472152457,515.3696104069394,282.38385056415143,736.0884668296654,881.6711907925196,726.3411307684183,3,2016,2016-06-20,84.16224287798241
agosto 2016,DESPESAS CORRENTES,1575.069710910556,1603.460747164201,147.950546062909,1239.8335343199972,363.6272128442041,258.86914499700623,987.941832852047,615.5189143121543,977.4678927206334,4,2016,2016-08-20,84.97212604172809
outubro 2016,DESPESAS CORRENTES,1569.7293660289763,1611.6335625480417,154.27307738946948,1389.902900201873,221.73066234616869,260.23456816142175,1244.8267396785936,366.806822869448,231.41941938185255,5,2016,2016-10-20,85.26120801229213
dezembro 2016,DESPESAS CORRENTES,1562.2222631655604,1644.8435061436394,198.01693793121453,1581.27274069847,63.57076544516958,312.4554537986834,1551.3289109662044,93.51459517743506,1537.345837060382,6,2016,2016-12-20,85.6709222212744
fevereiro 2017,DESPESAS CORRENTES,1659.595843397233,1665.558860436224,663.8209220544126,663.8209220544126,1001.7379383818117,209.8201332461064,209.8201332461064,1455.7387271901177,0.0,1,2017,2017-02-20,86.2802600824101
abril 2017,DESPESAS CORRENTES,1653.1428004755767,1664.5155859982085,267.7403301372018,928.9801027392622,735.5354832589461,265.37611199544625,474.3803970149789,1190.1351889832297,463.7913605466085,2,2017,2017-04-20,86.61705507764178
junho 2017,DESPESAS CORRENTES,1651.8331115564167,1666.992223173597,193.94878834718074,1122.1929141664048,544.7993090071924,293.68538077237827,767.6899537815553,899.3022693920417,753.3236858318907,3,2017,2017-06-20,86.6857311421012
agosto 2017,DESPESAS CORRENTES,1644.753172838742,1670.0405712935853,159.90932363110844,1277.2923953224335,392.7481759711517,255.55335734993525,1019.9529074043086,650.0876638892767,1004.9846734717185,4,2017,2017-08-20,87.05887507294624
outubro 2017,DESPESAS CORRENTES,1635.2576893090773,1660.3990986395333,158.9861356574635,1269.918335127482,390.480763512051,254.07799755994398,1014.0645186823853,646.3345799571479,999.1826993079927,5,2017,2017-10-20,87.56440158400981
dezembro 2017,DESPESAS CORRENTES,1623.5481405837822,1676.1745953601728,189.0089071101525,1607.4569115371014,68.71768382307155,311.77646494193226,1565.9769027042187,110.19769265595421,1633.9090695091159,6,2017,2017-12-20,88.1959440688422
fevereiro 2018,DESPESAS CORRENTES,1715.9137884521633,1726.6146647456414,765.6186836259214,765.6186836259214,960.9959811197201,218.03281682082218,218.03281682082218,1508.5818479248194,208.20814320079322,1,2018,2018-02-20,88.73475778602311
abril 2018,DESPESAS CORRENTES,1710.6075181430335,1730.461483035073,206.6160533839547,969.8671473813182,760.5943356537543,260.7703194310131,478.1288942997638,1252.3325887353085,572.7403450189558,2,2018,2018-04-20,89.01001122998021
junho 2018,DESPESAS CORRENTES,1682.5916934110614,1706.7527799409702,175.15058005421838,1129.1335297302505,577.6192502107198,275.4669562510876,745.7651967276208,960.9875832133495,735.5758801939517,3,2018,2018-06-20,90.4920635209639
agosto 2018,DESPESAS CORRENTES,1678.568115281688,1704.0495203891496,158.19943549537726,1284.6328704889452,419.41664990020456,255.8654303703411,999.8472802842628,704.202240104887,987.6360674874497,4,2018,2018-08-20,90.70897571198554
outubro 2018,DESPESAS CORRENTES,1663.0656822183216,1712.1848120055597,162.8772112567088,1435.6458416802973,276.53897032526214,263.63565997726306,1254.2488404385379,457.9359715670216,1240.0172846832127,5,2018,2018-10-20,91.5545284999824
dezembro 2018,DESPESAS CORRENTES,1664.069365656217,1722.3015285021668,188.39321104648428,1624.9054851048795,97.3960433972868,329.8484491761199,1584.8542463612298,137.44728214093664,1551.4288204823883,6,2018,2018-12-20,91.49930738611765
fevereiro 2019,DESPESAS CORRENTES,1752.8316844684095,1754.8065334363557,764.0754239387684,764.0754239387684,990.7311094975872,224.95441942409644,224.95441942409644,1529.852114012259,200.56735890861245,1,2019,2019-02-20,92.18681122198316
abril 2019,DESPESAS CORRENTES,1729.922749971228,1756.1776865219783,229.17652967393258,983.2657387393501,772.9119477826283,265.636899627483,487.65123866331265,1268.5264478586657,465.71326305356354,2,2019,2019-04-20,93.40761811629307
junho 2019,DESPESAS CORRENTES,1727.5040197680303,1763.169975953101,177.52991383055124,1159.420877574834,603.7490983782668,299.5183185413853,786.4877367132331,976.682239239868,779.1319321859108,3,2019,2019-06-20,93.53840092464623
agosto 2019,DESPESAS CORRENTES,1722.333419831688,1762.7711173392945,164.80642401030903,1320.7570338189428,442.01408352035185,266.39774956239995,1050.5314463458562,712.2396709934383,1024.9154626636926,4,2019,2019-08-20,93.8192116226781
outubro 2019,DESPESAS CORRENTES,1721.3013275556857,1758.2966339649818,161.1291730995204,1481.0947555552232,277.2018784097589,274.33509692199783,1324.2370220735338,434.0596118914483,1296.716841034927,5,2019,2019-10-20,93.87546562196702
dezembro 2019,DESPESAS CORRENTES,1693.096623488804,1776.25648920562,228.52677033695142,1685.352771429081,90.9037177765389,343.7640516777681,1646.3025409470363,129.9539482585836,1622.8661972206962,6,2019,2019-12-20,95.43930414735041
fevereiro 2020,DESPESAS CORRENTES,1774.5165464904185,1782.757232572423,798.1494046640198,798.1494046640198,984.607827908403,239.18987959172816,239.18987959172816,1543.5673529806947,213.52868083102587,1,2020,2020-02-20,95.87882600277499
abril 2020,DESPESAS CORRENTES,1778.7895012666766,1819.1669066955128,222.7975746149127,1022.8688865824016,796.2980201131112,269.9085825047526,509.6744203992959,1309.4924862962168,474.29166030447266,2,2020,2020-04-20,95.64850876331589
junho 2020,DESPESAS CORRENTES,1780.9442300717553,1831.5017786705864,182.9882213019732,1207.0961555919132,624.4056230786731,283.9778879897681,794.2697002468775,1037.232078423709,749.4620935853952,3,2020,2020-06-20,95.53278554553334
agosto 2020,DESPESAS CORRENTES,1770.3070920660834,1843.1140611790663,145.161437627331,1345.04790738162,498.06615379744665,245.23032181934275,1034.756046217572,808.3580149614944,1007.7689634073758,4,2020,2020-08-20,96.10680766207365
outubro 2020,DESPESAS CORRENTES,1744.0503443695857,1825.984221345235,148.6625078082198,1473.7610043209015,352.22321702433334,261.63405919962497,1281.0428650684894,544.9413562767456,1258.679832366729,5,2020,2020-10-20,97.55369949569847
dezembro 2020,DESPESAS CORRENTES,1705.63909608,1820.382369737075,171.47927415259997,1612.7819265462,207.60044319087496,310.62586685689996,1563.4548356244,256.927534112675,1552.657419349275,6,2020,2020-12-20,99.75062344139651
fevereiro 2016,PESSOAL E ENCARGOS SOCIAIS,788.8263579921348,788.0909817333165,112.32841207895642,112.32836200663823,675.7626197266784,109.94113635881263,109.94113635881263,678.149845374504,109.24223826947559,1,2016,2016-02-20,82.36087618239524
abril 2016,PESSOAL E ENCARGOS SOCIAIS,780.6867384985986,779.5768287595427,292.3202800920196,399.2998674896682,380.2769612698745,125.99132380749451,230.60826893669795,548.9685598228449,229.47398478040148,2,2016,2016-04-20,83.21958962047441
junho 2016,PESSOAL E ENCARGOS SOCIAIS,771.9427118190113,767.5575359921849,-20.552914903988682,374.2746226198854,393.2829133722997,144.7493804990674,372.7747378059432,394.78279818624185,368.12617913376994,3,2016,2016-06-20,84.16224287798241
agosto 2016,PESSOAL E ENCARGOS SOCIAIS,764.5852001878277,759.040590973641,120.18610159271364,490.89345187757164,268.14713909606934,120.60536163314744,489.8271227503529,269.21346822328815,485.7507548973242,4,2016,2016-08-20,84.97212604172809
outubro 2016,PESSOAL E ENCARGOS SOCIAIS,761.9928395881218,761.7819320321626,121.71113149726791,610.9401869897298,150.84174504243282,122.13288556149388,610.2992273637283,151.4827046684344,95.93950133594986,5,2016,2016-10-20,85.26120801229213
dezembro 2016,PESSOAL E ENCARGOS SOCIAIS,758.3486708850508,789.4886040715937,172.24603337275119,780.2644486696134,9.224155401980273,172.86383791631957,780.2443589243956,9.24424514719808,772.4218800176193,6,2016,2016-12-20,85.6709222212744
fevereiro 2017,PESSOAL E ENCARGOS SOCIAIS,791.6381445160343,810.591494893491,118.33325632361498,118.33325632361498,692.258238569876,118.25752277814631,118.25752277814631,692.3339721153446,,1,2017,2017-02-20,86.2802600824101
abril 2017,PESSOAL E ENCARGOS SOCIAIS,788.5600005538724,808.5652514071455,120.38158975335008,238.25472828072344,570.3105231264221,120.37649341291683,238.17419287122763,570.391058535918,233.99072523110536,2,2017,2017-04-20,86.61705507764178
junho 2017,PESSOAL E ENCARGOS SOCIAIS,787.9352703160968,807.6184429388552,148.14435098838248,386.2103239011625,421.40811903769253,148.0816830968111,386.06718440361755,421.5512585352376,380.43261130185397,3,2017,2017-06-20,86.6857311421012
agosto 2017,PESSOAL E ENCARGOS SOCIAIS,784.5580929315872,804.3940477788449,120.74984875685278,505.30483265652026,299.08921512232456,120.7973807401978,505.20983865397807,299.18420912486687,501.16636006888217,4,2017,2017-08-20,87.05887507294624
outubro 2017,PESSOAL E ENCARGOS SOCIAIS,780.0286847671761,799.7501227460926,120.0527361328952,502.38760848259216,297.36251426350043,120.09999370475253,502.2931628991086,297.45695984698415,498.27302811108893,5,2017,2017-10-20,87.56440158400981
dezembro 2017,PESSOAL E ENCARGOS SOCIAIS,774.4431529264615,801.2752138333987,167.6523028820741,789.9478751836734,11.327338649725219,166.01689960448783,788.0412359750865,13.233977858312215,830.142394845858,6,2017,2017-12-20,88.1959440688422
fevereiro 2018,PESSOAL E ENCARGOS SOCIAIS,833.589304186403,833.9125255566483,123.79076394718247,123.79076394718247,710.1217616094659,123.716214659338,123.716214659338,710.1963108973104,119.82995014919453,1,2018,2018-02-20,88.73475778602311
abril 2018,PESSOAL E ENCARGOS SOCIAIS,831.0115230620947,830.8798633775483,127.7666164271815,251.17457136630193,579.7052920112463,125.68655443818089,249.0201906247409,581.8596727528075,290.6431070450922,2,2018,2018-04-20,89.01001122998021
junho 2018,PESSOAL E ENCARGOS SOCIAIS,817.4014617631532,816.1598895674439,146.71498131904445,393.7758897358432,422.3839998316006,146.8453081735897,391.7871196603514,424.3727699070924,387.72094326119395,3,2018,2018-06-20,90.4920635209639
agosto 2018,PESSOAL E ENCARGOS SOCIAIS,815.4468112930793,814.486590881413,122.86500519404936,515.6992594374436,298.7873314439695,124.64111108363126,515.4913509934117,298.9952398880012,511.2862680233303,4,2018,2018-08-20,90.70897571198554
outubro 2018,PESSOAL E ENCARGOS SOCIAIS,807.9157438947897,815.2821023704399,124.3166535886009,635.2531672205725,180.02893514986724,124.32122485347286,635.0517501819822,180.23035218845752,630.115461672779,5,2018,2018-10-20,91.5545284999824
dezembro 2018,PESSOAL E ENCARGOS SOCIAIS,808.4033323647053,829.3733920494534,175.26740679386958,810.903958200423,18.469433849030416,175.46894539046448,810.903958200423,18.469433849030416,795.3554002643893,6,2018,2018-12-20,91.49930738611765
fevereiro 2019,PESSOAL E ENCARGOS SOCIAIS,851.3305640979266,851.3239327805841,124.75839214468259,124.75839214468259,726.5655406359017,121.29662022991764,121.29662022991764,730.0273125506666,117.1972042181196,1,2019,2019-02-20,92.18681122198316
abril 2019,PESSOAL E ENCARGOS SOCIAIS,840.2039531967308,841.2303136792414,126.84042585530162,249.96826678451887,591.2620468947226,127.5906676387154,247.30198087526966,593.9283328039717,242.5229873520194,2,2019,2019-04-20,93.40761811629307
junho 2019,PESSOAL E ENCARGOS SOCIAIS,839.0292032384006,842.5703113685988,152.55124265482485,402.1700107136215,440.40030065497723,153.39859013154566,400.35480020840043,442.21551116019833,413.9436466974908,3,2019,2019-06-20,93.53840092464623
agosto 2019,PESSOAL E ENCARGOS SOCIAIS,837.470797729532,841.702019471157,126.36767056497224,527.4207102060012,314.28130926515587,127.45093102135655,526.6941932717709,315.007826199386,521.3503020438595,4,2019,2019-08-20,93.8192116226781
outubro 2019,PESSOAL E ENCARGOS SOCIAIS,836.9689511464248,845.8972811253694,129.8541666050335,656.9588248579463,188.93845626742313,129.75185018043456,656.13042685763,189.76685426773943,651.5386067782937,5,2019,2019-10-20,93.87546562196702
dezembro 2019,PESSOAL E ENCARGOS SOCIAIS,823.2546402338925,855.919384364747,179.4074162838011,825.6015197402035,30.317864624543468,180.2222404141189,825.6015197402035,30.317864624543468,812.1656249015296,6,2019,2019-12-20,95.43930414735041
fevereiro 2020,PESSOAL E ENCARGOS SOCIAIS,876.8522050694148,876.5374849037848,131.65814634228676,131.65814634228676,744.8793385614981,124.96266912627017,124.96266912627017,751.5748157775147,120.95536086001252,1,2020,2020-02-20,95.87882600277499
abril 2020,PESSOAL E ENCARGOS SOCIAIS,878.9636251207713,887.3875399043652,127.31588079573355,259.29105393969155,628.0964859646735,128.66541189317505,253.92898541785902,633.4585544865062,241.53094015471314,2,2020,2020-04-20,95.64850876331589
junho 2020,PESSOAL E ENCARGOS SOCIAIS,880.0283538254977,886.3241199288877,146.19178850744808,405.79693351998736,480.5271864089004,146.64750199629265,400.8840831689808,485.44003675990683,378.18126312018967,3,2020,2020-06-20,95.53278554553334
agosto 2020,PESSOAL E ENCARGOS SOCIAIS,874.7721628171083,883.6211933248152,123.71827860319394,527.0914877239301,356.5297056008851,113.60679004541207,512.096492051332,371.524701273483,506.9721964683216,4,2020,2020-08-20,96.10680766207365
outubro 2020,PESSOAL E ENCARGOS SOCIAIS,861.7977630228883,872.5390478579774,122.514788775663,641.7885886712136,230.75045918676392,135.41932845491434,639.92053466668,232.61851319129747,632.6158140903843,5,2020,2020-10-20,97.55369949569847
dezembro 2020,PESSOAL E ENCARGOS SOCIAIS,842.8173889999999,867.52067983655,169.94893484509998,797.6026673130749,69.91801252347499,171.775846524575,797.6026673130749,69.91801252347499,789.936549091275,6,2020,2020-12-20,99.75062344139651
fevereiro 2016,JUROS E ENCARGOS DA DÍVIDA,0.2428337449410844,0.2428337449410844,0.1578419342117049,0.1578419342117049,0.08499181072937953,0.11057291303982764,0.11057291303982764,0.13226083190125676,0.11057291303982764,1,2016,2016-02-20,82.36087618239524
abril 2016,JUROS E ENCARGOS DA DÍVIDA,0.24032802962872846,0.9613121185149138,0.7990906985155222,0.9553039177741958,0.0060082007407182125,0.12718999274415865,0.23662194310022538,0.7246901754146885,0.23662194310022538,2,2016,2016-04-20,83.21958962047441
junho 2016,JUROS E ENCARGOS DA DÍVIDA,0.23763625250572046,0.9505450100228818,0.0,0.9446041037102388,0.005940906312643011,0.12616239345467575,0.3601340691923181,0.5904109408305637,0.3601340691923181,3,2016,2016-06-20,84.16224287798241
agosto 2016,JUROS E ENCARGOS DA DÍVIDA,0.23537130270435278,0.9414852108174111,,0.9356009282498025,0.0058842825676088195,0.1307838525135012,0.487485425275321,0.4539997855420901,0.487485425275321,4,2016,2016-08-20,84.97212604172809
outubro 2016,JUROS E ENCARGOS DA DÍVIDA,0.23457326568861886,0.9382930627544754,0.0,0.93242873111226,0.005864331642215471,0.1708137304118461,0.6566463143699349,0.2816467483845404,0.1964425368871774,5,2016,2016-10-20,85.26120801229213
dezembro 2016,JUROS E ENCARGOS DA DÍVIDA,0.2334514381477437,0.8907015008302415,-0.03726796580703957,0.8907015008302415,0.0,0.2371955439853291,0.8907015008302415,0.0,0.8907015008302415,6,2016,2016-12-20,85.6709222212744
fevereiro 2017,JUROS E ENCARGOS DA DÍVIDA,1.1590136597233893,1.1590136597233893,1.1590136597233893,1.1590136597233893,0.0,0.2696076597101308,0.2696076597101308,0.8894060000132588,,1,2017,2017-02-20,86.2802600824101
abril 2017,JUROS E ENCARGOS DA DÍVIDA,1.1545070414869452,1.1545070414869452,,1.1545070414869452,0.0,0.3233645611120512,0.5919238994449992,0.5625831420419459,0.5919238994449992,2,2017,2017-04-20,86.61705507764178
junho 2017,JUROS E ENCARGOS DA DÍVIDA,1.1535923926865557,1.1535923926865557,,1.1535923926865557,0.0,0.33694185438800944,0.928396806944775,0.22519558574178067,0.928396806944775,3,2017,2017-06-20,86.6857311421012
agosto 2017,JUROS E ENCARGOS DA DÍVIDA,1.1486479685868953,1.8148637903672948,0.6662158217803993,1.8148637903672948,0.0,0.45785828230149955,1.382275878239504,0.43258791212779096,1.382275878239504,4,2017,2017-08-20,87.05887507294624
outubro 2017,JUROS E ENCARGOS DA DÍVIDA,1.1420165979671475,1.8043862247880935,0.6623696268209457,1.8043862247880935,0.0,0.45521497639377434,1.374295727751256,0.4300904970368372,1.374295727751256,5,2017,2017-10-20,87.56440158400981
dezembro 2017,JUROS E ENCARGOS DA DÍVIDA,1.1338389883546578,2.715544377109405,0.37089004880391224,2.689590779989187,0.02595359712021788,0.6369921949715518,2.689590779989187,0.02595359712021788,2.689590779989187,6,2017,2017-12-20,88.1959440688422
fevereiro 2018,JUROS E ENCARGOS DA DÍVIDA,5.1839889066836,5.1839889066836,4.186634519202081,4.186634519202081,0.9973543874815187,0.7002460878953035,0.7002460878953035,4.483742818788296,0.7002460878953035,1,2018,2018-02-20,88.73475778602311
abril 2018,JUROS E ENCARGOS DA DÍVIDA,5.1679580043133795,4.381529612352648,,4.17368782304874,0.20784178930390762,0.9023488244763573,1.6004294801394068,2.781100132213241,1.988835891084286,2,2018,2018-04-20,89.01001122998021
junho 2018,JUROS E ENCARGOS DA DÍVIDA,5.083318714391277,4.309770214375213,,4.105332396513825,0.20443781786138834,0.5796048731704436,2.1538229919450065,2.1559472224302074,2.1538229919450065,3,2018,2018-06-20,90.4920635209639
agosto 2018,JUROS E ENCARGOS DA DÍVIDA,5.071162984582344,4.2994642695372045,,4.095515323418132,0.20394894611907255,0.9520023054189304,3.100674864778974,1.1987894047582313,3.100674864778974,4,2018,2018-08-20,90.70897571198554
outubro 2018,JUROS E ENCARGOS DA DÍVIDA,5.024328206770115,5.352001785472514,1.0922452623413297,5.149936411939368,0.20206537353314596,1.2692034234005403,4.341241973629698,1.0107598118428167,4.341241973629698,5,2018,2018-10-20,91.5545284999824
dezembro 2018,JUROS E ENCARGOS DA DÍVIDA,5.0273604592311,5.371625360243664,0.14314652617782778,5.296190996889705,0.07543436335395919,0.9523290229104026,5.296190996889705,0.07543436335395919,5.296158592272831,6,2018,2018-12-20,91.49930738611765
fevereiro 2019,JUROS E ENCARGOS DA DÍVIDA,5.850191506259567,5.602867624483265,3.6916343616715332,3.6916343616715332,1.9112332628117312,0.5084695346184426,0.5084695346184426,5.094398089864823,0.4527536363037476,1,2019,2019-02-20,92.18681122198316
abril 2019,JUROS E ENCARGOS DA DÍVIDA,5.773731424438584,5.315524686453746,0.22909153912219712,3.872477451996022,1.443047234457725,0.6195215889988109,1.1213455937779646,4.194179092675783,1.1213455937779646,2,2019,2019-04-20,93.40761811629307
junho 2019,JUROS E ENCARGOS DA DÍVIDA,5.765658752649236,5.308092666668365,,3.8670630609924346,1.44102960567593,0.678473058900435,1.7982508182442094,3.5098418484241547,1.7982508182442094,3,2019,2019-06-20,93.53840092464623
agosto 2019,JUROS E ENCARGOS DA DÍVIDA,5.748401533888366,5.292204990986972,1.3856437050743267,5.241132242483491,0.05107274850348207,1.1265972839879514,2.919465749739812,2.37273924124716,2.919465749739812,4,2019,2019-08-20,93.8192116226781
outubro 2019,JUROS E ENCARGOS DA DÍVIDA,5.744956857756457,5.384905381302414,0.06604494538506117,5.304036488139517,0.08086889316289635,1.4722566549662888,4.389972942020384,0.9949324392820299,4.082639041635993,5,2019,2019-10-20,93.87546562196702
dezembro 2019,JUROS E ENCARGOS DA DÍVIDA,5.6508217952569,5.296670009449498,-0.02546608047610618,5.191660128148113,0.10500988130138447,0.8736199068600892,5.191660128148113,0.10500988130138447,5.191660128148113,6,2019,2019-12-20,95.43930414735041
fevereiro 2020,JUROS E ENCARGOS DA DÍVIDA,5.736407327141047,5.736407327141047,5.736407327141047,5.736407327141047,0.0,1.2402660728924475,1.2402660728924475,4.496141254248601,1.2402660728924475,1,2020,2020-02-20,95.87882600277499
abril 2020,JUROS E ENCARGOS DA DÍVIDA,5.750220333920582,5.750220333920582,0.0,5.750220333920582,0.0,1.3691211676289614,2.612373744564145,3.1378465893564367,2.5689565804735253,2,2020,2020-04-20,95.64850876331589
junho 2020,JUROS E ENCARGOS DA DÍVIDA,5.757185837922166,5.757185837922166,0.0,5.757185837922166,0.0,0.5384910186197879,3.1540292505800167,2.6031565873421494,3.1540292505800167,3,2020,2020-06-20,95.53278554553334
agosto 2020,JUROS E ENCARGOS DA DÍVIDA,5.722799595361494,5.514697791893804,-0.5193448956862694,5.203454699675225,0.3112430922185787,0.49076038573501335,3.6259514021660624,1.8887463897277412,3.6259514021660624,4,2020,2020-08-20,96.10680766207365
outubro 2020,JUROS E ENCARGOS DA DÍVIDA,5.637920477062499,5.330397541949999,0.18656391396824998,5.312842287676168,0.01755525427383217,0.9885303222585854,4.560702528965782,0.7696950129842167,4.5124339033335215,5,2020,2020-10-20,97.55369949569847
dezembro 2020,JUROS E ENCARGOS DA DÍVIDA,5.51375,4.89470625,-0.3537601549,4.8420712306,0.0526350194,0.37512239732499997,4.8353792724249995,0.059326977574999995,4.8353792724249995,6,2020,2020-12-20,99.75062344139651
fevereiro 2016,OUTRAS DESPESAS CORRENTES,835.9380714640392,853.45547493125,573.3436320107237,573.3436320107237,280.11184292052616,103.0603365268029,103.0603365268029,750.395138404447,92.70689289524681,1,2016,2016-02-20,82.36087618239524
abril 2016,OUTRAS DESPESAS CORRENTES,827.312322903612,847.220898775661,83.62347535883376,646.8949255759753,200.32597319968573,127.26303655545023,227.9999652789905,619.2209334966705,221.77314769477456,2,2016,2016-04-20,83.21958962047441
junho 2016,OUTRAS DESPESAS CORRENTES,818.0460696587662,849.2515766199771,87.52237633066967,727.1708204916501,122.08075612832705,137.50830767162935,362.95359495452993,486.2979816654472,357.8548175654561,3,2016,2016-06-20,84.16224287798241
agosto 2016,OUTRAS DESPESAS CORRENTES,810.249139420024,843.4786709797429,27.764444470195357,748.0044815141756,95.47418946556714,138.13299951134533,497.6272246764188,345.851446303324,491.22965239803375,4,2016,2016-08-20,84.97212604172809
outubro 2016,OUTRAS DESPESAS CORRENTES,807.5019531751659,848.9133374531247,32.56194589220158,778.0302844810309,70.88305297209367,137.9308688695161,633.8708660004955,215.0424714526291,135.28347550901552,5,2016,2016-10-20,85.26120801229213
dezembro 2016,OUTRAS DESPESAS CORRENTES,803.640140842362,854.4642005712154,25.808172524270397,800.117590528026,54.3466100431893,139.3544203383785,770.1938505409784,84.27035003023697,764.0332555419329,6,2016,2016-12-20,85.6709222212744
fevereiro 2017,OUTRAS DESPESAS CORRENTES,866.7986852214751,853.8083518830098,544.3286520710742,544.3286520710742,309.4796998119355,91.29300280824995,91.29300280824995,762.5153490747598,,1,2017,2017-02-20,86.2802600824101
abril 2017,OUTRAS DESPESAS CORRENTES,863.4282928802173,854.7958275495758,147.3587403838517,689.5708674170518,165.22496013252402,144.67625402141735,235.61428024430623,619.1815473052696,229.20871141605807,2,2017,2017-04-20,86.61705507764178
junho 2017,OUTRAS DESPESAS CORRENTES,862.7442488476333,858.2201878420552,45.80443735879824,734.8289978725555,123.39118996949986,145.26675582117912,380.69437257099287,477.52581527106236,371.96267772309216,3,2017,2017-06-20,86.6857311421012
agosto 2017,OUTRAS DESPESAS CORRENTES,859.046431938568,863.8316597243733,38.49325905247525,770.172698875546,93.65896084882709,134.298118327436,513.360792872091,350.4708668522821,502.4360375245968,4,2017,2017-08-20,87.05887507294624
outubro 2017,OUTRAS DESPESAS CORRENTES,854.0869879439341,858.8445896686524,38.271029897747404,765.7263404201018,93.11824924855054,133.52278887879768,510.3970600555253,348.44752961312696,499.5353754691525,5,2017,2017-10-20,87.56440158400981
dezembro 2017,OUTRAS DESPESAS CORRENTES,847.9711486689661,872.1838371496648,20.985714179274474,814.8194455734387,57.3643915762261,145.1225731424729,775.2460759491429,96.93776120052179,801.0770838832691,6,2017,2017-12-20,88.1959440688422
fevereiro 2018,OUTRAS DESPESAS CORRENTES,877.1404953590768,887.5181502823095,637.6412851595369,637.6412851595369,249.8768651227727,93.61635607358885,93.61635607358885,793.9017942087207,87.67794696370339,1,2018,2018-02-20,88.73475778602311
abril 2018,OUTRAS DESPESAS CORRENTES,874.4280370766256,895.2000900451714,78.8494369567732,714.5188881919676,180.68120185320393,134.1814161683558,227.50827419488357,667.6918158502879,280.1084020827793,2,2018,2018-04-20,89.01001122998021
junho 2018,OUTRAS DESPESAS CORRENTES,860.1069129335173,886.2831201591514,28.435598735173933,731.2523075978935,155.03081256125793,128.04204320432743,351.8242540753244,534.4588660838269,345.7011139408127,3,2018,2018-06-20,90.4920635209639
agosto 2018,OUTRAS DESPESAS CORRENTES,858.0501410040263,885.2634652381994,35.33443030132791,764.8380957280835,120.42536951011603,130.27231698129094,481.25525442607216,404.0082108121274,473.2491245993406,4,2018,2018-08-20,90.70897571198554
outubro 2018,OUTRAS DESPESAS CORRENTES,850.1256101167619,891.5507078496471,37.468312405766575,795.2427380477855,96.30796980186179,138.04523170038968,614.8558482829261,276.6948595667212,605.5605810368044,5,2018,2018-10-20,91.5545284999824
dezembro 2018,OUTRAS DESPESAS CORRENTES,850.6386728322807,887.5565110924693,12.982657726436845,808.705335907567,78.85117518490243,153.42717476274504,768.6540971639172,118.90241392855225,750.7772616257262,6,2018,2018-12-20,91.49930738611765
fevereiro 2019,OUTRAS DESPESAS CORRENTES,895.650928864223,897.8797330312882,635.6253974324143,635.6253974324143,262.2543355988738,103.14932965956037,103.14932965956037,794.7304033717277,82.91740105418911,1,2019,2019-02-20,92.18681122198316
abril 2019,OUTRAS DESPESAS CORRENTES,883.9450653500587,909.6318481562834,102.10701227950874,729.4249945028351,180.2068536534482,137.42671039976878,239.22791219426506,670.4039359620184,222.06893010776622,2,2019,2019-04-20,93.40761811629307
junho 2019,OUTRAS DESPESAS CORRENTES,882.7091577769805,915.2915719178338,24.978671175726394,753.3838038002201,161.90776811761367,145.4412553509392,384.3346856865884,530.9568862312454,363.39003467017585,3,2019,2019-06-20,93.53840092464623
agosto 2019,OUTRAS DESPESAS CORRENTES,879.1142205682675,915.7768928771505,37.05310974026247,788.095191370458,127.6817015066925,137.8202212570554,520.9177873243456,394.85910555280503,500.64569487009317,4,2019,2019-08-20,93.8192116226781
outubro 2019,OUTRAS DESPESAS CORRENTES,878.5874195515047,907.01444745831,31.208961549101833,818.8318942091373,88.18255324917283,143.110990086597,663.7166222738833,243.29782518442678,641.0955952149976,5,2019,2019-10-20,93.87546562196702
dezembro 2019,OUTRAS DESPESAS CORRENTES,864.1911614596548,915.0404348314236,49.144820133626396,854.5595915607294,60.480843270694045,162.66819135678918,815.5093610786848,99.53107375273876,805.5089121910186,6,2019,2019-12-20,95.43930414735041
fevereiro 2020,OUTRAS DESPESAS CORRENTES,891.9279340938625,900.4833403414971,660.754850994592,660.754850994592,239.72848934690498,112.9869443925655,112.9869443925655,787.4963959489314,91.33305389812085,1,2020,2020-02-20,95.87882600277499
abril 2020,OUTRAS DESPESAS CORRENTES,894.0756558119845,926.029146457227,95.48169381917914,757.8276123087894,168.20153414843747,139.87404944394862,253.1330612368727,672.8960852203542,230.1917635692861,2,2020,2020-04-20,95.64850876331589
junho 2020,OUTRAS DESPESAS CORRENTES,895.1586904083357,939.4204729037765,36.79643279452513,795.5420362340038,143.87843666977275,136.7918949748556,390.2315878273166,549.1888850764599,368.12680121462546,3,2020,2020-06-20,95.53278554553334
agosto 2020,OUTRAS DESPESAS CORRENTES,889.8121296536139,953.9781700623578,21.962503919823334,812.7529649580146,141.22520510434305,131.13277138819572,519.033602764074,434.9445672982837,497.1708155368881,4,2020,2020-08-20,96.10680766207365
outubro 2020,OUTRAS DESPESAS CORRENTES,876.6146608696351,948.1147759453072,25.961155118588536,826.6595733620118,121.4552025832956,125.2262004224521,636.5616278728434,311.553148072464,621.5515843730111,5,2020,2020-10-20,97.55369949569847
dezembro 2020,OUTRAS DESPESAS CORRENTES,857.3079570799999,947.9669836505249,1.8840994623999998,810.337188002525,137.629795648,138.474897935,761.0167890388999,186.95019461162502,757.885490985575,6,2020,2020-12-20,99.75062344139651
fevereiro 2016,INVESTIMENTOS,107.94661752154082,127.19844730402828,36.32749216234706,36.32749216234706,90.87095514168122,2.001881350009759,2.001881350009759,125.19656595401852,1.743000665535478,1,2016,2016-02-20,82.36087618239524
abril 2016,INVESTIMENTOS,106.8327546500261,131.60770448338536,11.86633501202755,47.38569889594608,84.22200558743928,6.2970390191767045,8.267154502174268,123.3405499812111,8.090664662859002,2,2016,2016-04-20,83.21958962047441
junho 2016,INVESTIMENTOS,105.63618192649015,134.46602147244602,17.795214228918887,64.6501729509331,69.81584852151292,11.61897822064604,19.793537042675535,114.6724844297705,19.674858860411774,3,2016,2016-06-20,84.16224287798241
agosto 2016,INVESTIMENTOS,104.62934628273297,132.07365615977196,4.4047653205263755,68.43874695031383,63.63490920945814,9.50505466467171,29.109936284109192,102.96371987566276,28.9292911041538,4,2016,2016-08-20,84.97212604172809
outubro 2016,INVESTIMENTOS,104.27459576596948,127.21846324809536,2.976470952222643,71.18317324480093,56.03529000329443,12.27111330453073,41.28235103697512,85.93611221112023,10.977586288304314,5,2016,2016-10-20,85.26120801229213
dezembro 2016,INVESTIMENTOS,103.77591100323454,100.92065610860173,-6.540282565802232,64.30246294969852,36.618193158903225,8.169457977729108,49.25437953266415,51.66627657593759,49.128110213745664,6,2016,2016-12-20,85.6709222212744
fevereiro 2017,INVESTIMENTOS,87.93421453242414,91.41937400821602,31.03500910222572,31.03500910222572,60.38436490599031,1.3027762421281308,1.3027762421281308,90.1165977660879,,1,2017,2017-02-20,86.2802600824101
abril 2017,INVESTIMENTOS,87.59229799719212,92.33207764719285,5.1529376125742985,36.06727260814481,56.26480503904803,4.127340818497533,5.425051447186577,86.90702620000626,5.213314347794773,2,2017,2017-04-20,86.61705507764178
junho 2017,INVESTIMENTOS,87.52290371252553,105.49233146582581,4.77540678893749,40.81410539411921,64.67822607170662,5.845999524065575,11.266753018429075,94.22557844739674,10.904404479792309,3,2017,2017-06-20,86.6857311421012
agosto 2017,INVESTIMENTOS,87.14777090380387,108.81849159045649,13.401247179250012,54.04041882068835,54.7780727697681,8.008493555835756,19.226956029439457,89.59153556101701,18.81068795832511,4,2017,2017-08-20,87.05887507294624
outubro 2017,INVESTIMENTOS,86.64464968359316,108.19026103788258,13.323879143748423,53.72843285506022,54.461828182822345,7.96225894755978,19.115955031041608,89.07430600684096,18.70209015736653,5,2017,2017-10-20,87.56440158400981
dezembro 2017,INVESTIMENTOS,86.02421551356039,98.95322992617258,9.423459103190373,67.64186918100661,31.31136074516598,10.243310534720598,37.794126863681726,61.159103062490864,46.61425683919174,6,2017,2017-12-20,88.1959440688422
fevereiro 2018,INVESTIMENTOS,90.41618865233141,93.92985115369129,15.977952826770686,15.977952826770686,77.9518983269206,1.4686660137649847,1.4686660137649847,92.46118513992631,1.3246563233253632,1,2018,2018-02-20,88.73475778602311
abril 2018,INVESTIMENTOS,90.13658676292455,100.84792064352148,3.5432799821260077,19.4718227876847,81.37609785583678,3.5113632015218594,4.975487530899601,95.87243311262189,5.325143772595673,2,2018,2018-04-20,89.01001122998021
junho 2018,INVESTIMENTOS,88.66035636529973,105.85876762309424,10.655925983792052,29.80884500854697,76.04992261454727,2.3986415223000757,7.292641987848114,98.56612563524611,7.1064733190775415,3,2018,2018-06-20,90.4920635209639
agosto 2018,INVESTIMENTOS,88.44834303359792,109.39828668673634,6.12791379945605,35.8654769769397,73.53280970979665,4.67269504118097,11.947898148923732,97.45038853781261,11.600379683936428,4,2018,2018-08-20,90.70897571198554
outubro 2018,INVESTIMENTOS,87.6314774533686,109.69130115723256,9.299537794028002,44.83377879009873,64.85752236713383,3.68886764569013,15.526420858584546,94.164880298648,15.035256360915723,5,2018,2018-10-20,91.5545284999824
dezembro 2018,INVESTIMENTOS,87.68436427768266,109.4674621823385,4.037339631884993,48.898176235581225,60.569285946757276,6.510270186923599,22.0460614580133,87.4214007243252,19.377398907710244,6,2018,2018-12-20,91.49930738611765
fevereiro 2019,INVESTIMENTOS,81.12436910299192,89.23436459030428,11.49149775285188,11.49149775285188,77.74286683745241,1.17111473505719,1.17111473505719,88.06324985524711,1.0187778463651214,1,2019,2019-02-20,92.18681122198316
abril 2019,INVESTIMENTOS,80.0641002395447,103.55684834996067,8.324553507315777,19.66586115827294,83.89098719168773,4.470759531412971,5.626568181469622,97.93028016849105,5.370673389566876,2,2019,2019-04-20,93.40761811629307
junho 2019,INVESTIMENTOS,79.95215682620764,109.4223073285739,16.482986439356125,36.12135133378942,73.30095599478446,6.4491979875299705,12.067899256791463,97.35440807178244,11.647100113221445,3,2019,2019-06-20,93.53840092464623
agosto 2019,INVESTIMENTOS,79.71285167133364,110.36624619745902,9.317750745079712,45.33098710213398,65.03525909532503,10.001550404983192,22.03332917903486,88.33291701842415,21.330340219105704,4,2019,2019-08-20,93.8192116226781
outubro 2019,INVESTIMENTOS,79.66508448667544,117.78146677349413,16.77843543639828,62.082258366303506,55.699208407190625,10.666336282498207,32.686462194036515,85.09500457945761,32.050650977500375,5,2019,2019-10-20,93.87546562196702
dezembro 2019,INVESTIMENTOS,78.35971738073094,111.00347164773534,6.895949502983372,67.9609474413804,43.04252420635493,14.989050609498966,47.13992267854251,63.86354896919282,46.55004735932306,6,2019,2019-12-20,95.43930414735041
fevereiro 2020,INVESTIMENTOS,74.82524660650685,96.93781759208231,17.48585863944013,17.48585863944013,79.45195895264219,1.9100592657934674,1.9100592657934674,95.02775832628885,1.8272072709247558,1,2020,2020-02-20,95.87882600277499
abril 2020,INVESTIMENTOS,75.00542238199021,97.48347893298357,3.1652989880812044,20.69326277629447,76.79021615668911,4.653897606511604,6.568556207757225,90.91492272522636,6.05567324037724,2,2020,2020-04-20,95.64850876331589
junho 2020,INVESTIMENTOS,75.09627986907819,106.77343229082595,7.970183112027975,28.688512580780092,78.08491971004585,7.060221987126341,13.636734986431163,93.13669730439479,12.900251133288775,3,2020,2020-06-20,95.53278554553334
agosto 2020,INVESTIMENTOS,74.64774842199984,109.54857799480087,7.789801734257777,36.306964947468444,73.24161304733242,7.216080263934098,20.771366415781827,88.77721157901904,20.297688253876082,4,2020,2020-08-20,96.10680766207365
outubro 2020,INVESTIMENTOS,73.54059186977668,106.6917350218885,14.965154018217149,50.73362323094915,55.95811179093936,5.433076415757769,25.89636717069243,80.79536785119609,25.665376361358806,5,2020,2020-10-20,97.55369949569847
dezembro 2020,INVESTIMENTOS,71.92092191999998,93.254275132075,3.090248565525,52.7065062314,40.547768900674996,6.7146859327,32.040707303225,61.213567828849996,31.489148364524997,6,2020,2020-12-20,99.75062344139651
fevereiro 2016,AMORTIZAÇÃO DA DÍVIDA,12.88536559093629,16.10221736911871,8.135503688864635,8.135503688864635,7.966713680254073,3.265142303785763,3.265142303785763,12.837075065332945,3.1918276879161143,1,2016,2016-02-20,82.36087618239524
abril 2016,AMORTIZAÇÃO DA DÍVIDA,12.752406072174406,22.694088490618462,8.924585778265776,16.976142089174918,5.717946401443543,6.01106579930703,9.242516257383285,13.45157223323518,,2,2016,2016-04-20,83.21958962047441
junho 2016,AMORTIZAÇÃO DA DÍVIDA,12.60957364858479,22.439904955219205,0.6948004592127837,17.480802467835435,4.959102487383776,3.247813611577467,12.386809718360391,10.05309523685882,12.386809718360391,3,2016,2016-06-20,84.16224287798241
agosto 2016,AMORTIZAÇÃO DA DÍVIDA,12.48938974974972,22.226026568672065,0.9918513626293396,18.306041456890508,3.9199851117815565,3.463381637120386,15.732130655922724,6.493895912749342,15.732130655922724,4,2016,2016-08-20,84.97212604172809
outubro 2016,AMORTIZAÇÃO DA DÍVIDA,12.447043910602337,21.095088527724076,1.757028471592877,20.001002469424844,1.0940860582992367,3.4528465507732093,19.131636708276893,1.9634518194471864,2.1467606930177645,5,2016,2016-10-20,85.26120801229213
dezembro 2016,AMORTIZAÇÃO DA DÍVIDA,12.387516936714649,22.473033581070755,2.4693454735271447,22.37469477740712,0.09833880366362976,3.334553563718489,22.37469477740712,0.09833880366362976,22.317100848544584,6,2016,2016-12-20,85.6709222212744
fevereiro 2017,AMORTIZAÇÃO DA DÍVIDA,22.8140248779952,21.53910985229947,9.721422735615963,9.721422735615963,11.817687116683505,4.385214736703552,4.385214736703552,17.15389511559592,,1,2017,2017-02-20,86.2802600824101
abril 2017,AMORTIZAÇÃO DA DÍVIDA,22.725316604629032,21.45535885899339,1.2377981900203736,10.921420904370871,10.53393795462252,2.944699040753213,7.312862650804928,14.142496208188462,6.907028245923693,2,2017,2017-04-20,86.61705507764178
junho 2017,AMORTIZAÇÃO DA DÍVIDA,22.70731265764216,21.14834789816555,1.2425794946970912,12.155347992309258,8.992999905856292,2.7381835034753395,10.045252598406968,11.103095299758582,10.045252598406968,3,2017,2017-06-20,86.6857311421012
agosto 2017,AMORTIZAÇÃO DA DÍVIDA,22.609986613664447,20.39148792713572,3.846173347857253,15.949422179376308,4.44206574775941,3.008943807055959,13.011141346024585,7.380346581111132,13.011141346024585,4,2017,2017-08-20,87.05887507294624
outubro 2017,AMORTIZAÇÃO DA DÍVIDA,22.479454714385334,20.273763857071586,3.8239686327182754,15.857343028466053,4.4164208286055295,2.9915725827084945,12.936025468217775,7.337738388853808,12.936025468217775,5,2017,2017-10-20,87.56440158400981
dezembro 2017,AMORTIZAÇÃO DA DÍVIDA,22.31848664677308,20.27372141517429,0.7764705023911991,18.11328380081789,2.1604376143564012,2.6465845846358116,18.11328380081789,2.1604376143564012,18.169228833802045,6,2017,2017-12-20,88.1959440688422
fevereiro 2018,AMORTIZAÇÃO DA DÍVIDA,22.787012107204866,21.259989287953502,8.59610117874404,8.59610117874404,12.663888109209465,2.0031733160148226,2.0031733160148226,19.256815971938686,2.0031733160148226,1,2018,2018-02-20,88.73475778602311
abril 2018,AMORTIZAÇÃO DA DÍVIDA,22.716545836351422,21.98067355530245,2.675707773866472,11.245226476983813,10.735447078318638,3.425393995426281,5.422372723366607,16.558300831935842,6.16507362955112,2,2018,2018-04-20,89.01001122998021
junho 2018,AMORTIZAÇÃO DA DÍVIDA,22.344500957606876,21.620680575448986,1.3215365231702938,12.382592002009245,9.238088573439743,2.4957932465279504,7.82935995084106,13.791320624607927,7.440903995343301,3,2018,2018-06-20,90.4920635209639
agosto 2018,AMORTIZAÇÃO DA DÍVIDA,22.29106859744674,21.568979085511643,1.3231499755998384,13.676131510281008,7.892847575230639,2.296405921960778,10.107043540112002,11.461935545399642,10.107043540112002,4,2018,2018-08-20,90.70897571198554
outubro 2018,AMORTIZAÇÃO DA DÍVIDA,22.085199204541684,20.304839426925316,0.4103341212664016,13.960159578564655,6.344679848360659,2.441784089358759,12.45548392508208,7.849355501843234,12.45548392508208,5,2018,2018-10-20,91.5545284999824
dezembro 2018,AMORTIZAÇÃO DA DÍVIDA,22.09852793166366,20.300700115264714,0.7554093793117265,14.72399410975655,5.576706005508166,2.260993125630893,14.72399410975655,5.576706005508166,14.72399410975655,6,2018,2018-12-20,91.49930738611765
fevereiro 2019,AMORTIZAÇÃO DA DÍVIDA,23.470705530641457,23.71802941241776,10.45737085621326,10.45737085621326,13.260658556204497,2.9096308619907783,2.9096308619907783,20.80839855042698,2.9096308619907783,1,2019,2019-02-20,92.18681122198316
abril 2019,AMORTIZAÇÃO DA DÍVIDA,23.16395111698698,18.80456364718732,1.4205592078667377,11.741255661123628,7.0633079860636885,3.091824894201266,5.963427836330167,12.84113581085715,5.963427836330167,2,2019,2019-04-20,93.40761811629307
junho 2019,AMORTIZAÇÃO DA DÍVIDA,23.131563920395116,18.45754773369331,1.2917769258995595,13.01661628768757,5.440931446005739,3.0221064312156365,8.97719636747335,9.480351366219958,8.97719636747335,3,2019,2019-06-20,93.53840092464623
agosto 2019,AMORTIZAÇÃO DA DÍVIDA,23.062328733926286,18.402302365784013,1.2886440091421105,14.266300204940835,4.136002160843178,2.6291323571554748,11.579459038402321,6.82284332738169,11.474673431808888,4,2019,2019-08-20,93.8192116226781
outubro 2019,AMORTIZAÇÃO DA DÍVIDA,23.04850884802102,18.29540326240581,1.1236951348374007,15.381446392124369,2.9139568702814405,2.549157199003044,14.12167735432024,4.1737259080855695,14.008181650949725,5,2019,2019-10-20,93.87546562196702
dezembro 2019,AMORTIZAÇÃO DA DÍVIDA,22.670843205849884,17.786063248944235,1.1685571368774088,16.297967969239252,1.4880952797049793,2.407683994062098,16.297967969239252,1.4880952797049793,16.245749116173165,6,2019,2019-12-20,95.43930414735041
fevereiro 2020,AMORTIZAÇÃO DA DÍVIDA,16.844177878786894,16.844177878786894,10.140512827846477,10.140512827846477,6.703665050940416,2.578364163458208,2.578364163458208,14.265813715328687,2.578364163458208,1,2020,2020-02-20,95.87882600277499
abril 2020,AMORTIZAÇÃO DA DÍVIDA,16.884737889603166,16.884737889603166,2.7240567821579003,12.888987501630774,3.9957503879723903,4.184554837027492,6.769127583600334,10.115610306002829,6.769127583600334,2,2020,2020-04-20,95.64850876331589
junho 2020,AMORTIZAÇÃO DA DÍVIDA,16.90519114226236,16.90519114226236,1.289882204274964,14.194482723982519,2.7107084182798413,2.2061289828039987,8.983456319202093,7.921734823060267,8.983456319202093,3,2020,2020-06-20,95.53278554553334
agosto 2020,AMORTIZAÇÃO DA DÍVIDA,16.804220630016026,17.584602393019864,-0.6735270016209728,13.436175598927784,4.148426794092076,1.8194768950691733,10.749277258614853,6.835325134405011,10.749277258614853,4,2020,2020-08-20,96.10680766207365
outubro 2020,AMORTIZAÇÃO DA DÍVIDA,16.55498467355625,16.89941036088225,3.0251741094966147,16.262067745262208,0.6373426156200416,3.2454119796242096,13.835258672681222,3.064151688201026,13.835258672681222,5,2020,2020-10-20,97.55369949569847
dezembro 2020,AMORTIZAÇÃO DA DÍVIDA,16.190375,16.02345875,0.057250459225,15.961159780975,0.062298969025,2.4306110943,15.961159780975,0.062298969025,15.961159780975,6,2020,2020-12-20,99.75062344139651
